version,date,job,ability,grade,segment,type,count
12409,2025-12-10,렌,크리티컬 확률 증가,유니크,상위권,boss,1
12409,2025-12-10,렌,공격력 증가,에픽,상위권,boss,2
12409,2025-12-10,렌,공격력 증가,에픽,상위권,field,3
12409,2025-12-10,렌,공격력 증가,유니크,상위권,boss,21
12409,2025-12-10,렌,공격력 증가,유니크,상위권,field,6
12409,2025-12-10,렌,아이템 드롭률 증가,유니크,상위권,field,15
12409,2025-12-10,렌,아이템 드롭률 증가,레전드리,상위권,field,28
12409,2025-12-10,렌,"패시브 스킬 레벨이 증가 (액티브 혼합형, 차, 차 스킬 적용안됨)",레전드리,상위권,boss,1
12409,2025-12-10,렌,마력 증가,에픽,상위권,field,1
12409,2025-12-10,렌,메소 획득량 증가,유니크,상위권,field,20
12409,2025-12-10,렌,메소 획득량 증가,레전드리,상위권,field,14
12409,2025-12-10,렌,모든 능력치 증가,레어,상위권,other,6
12409,2025-12-10,렌,모든 능력치 증가,에픽,상위권,other,3
12409,2025-12-10,렌,버프 스킬의 지속 시간 증가,유니크,상위권,boss,2
12409,2025-12-10,렌,상태 이상에 걸린 대상 공격 시 데미지 증가,유니크,상위권,boss,29
12409,2025-12-10,렌,상태 이상에 걸린 대상 공격 시 데미지 증가,유니크,상위권,other,1
12409,2025-12-10,렌,보스 몬스터 공격 시 데미지 증가,유니크,상위권,boss,1
12409,2025-12-10,렌,보스 몬스터 공격 시 데미지 증가,레전드리,상위권,boss,29
12409,2025-12-10,렌,일반 몬스터 공격 시 데미지 증가,에픽,상위권,boss,1
12409,2025-12-10,렌,일반 몬스터 공격 시 데미지 증가,에픽,상위권,field,13
12409,2025-12-10,렌,일반 몬스터 공격 시 데미지 증가,유니크,상위권,field,10
12409,2025-12-10,렌,스킬 사용 시 확률로 재사용 대기시간이 미적용,레전드리,상위권,other,1
12409,2025-12-10,렌,AP를 직접 투자한 DEX의 만큼 STR 증가,에픽,상위권,other,1
12409,2025-12-10,렌,AP를 직접 투자한 INT의 만큼 LUK 증가,에픽,상위권,field,1
12409,2025-12-10,렌,"DEX 증가, LUK 증가",에픽,상위권,field,1
12409,2025-12-10,렌,"DEX 증가, STR 증가",에픽,상위권,field,3
12409,2025-12-10,렌,"INT 증가, DEX 증가",에픽,상위권,boss,1
12409,2025-12-10,렌,"INT 증가, DEX 증가",에픽,상위권,field,2
12409,2025-12-10,렌,"INT 증가, LUK 증가",에픽,상위권,field,3
12409,2025-12-10,렌,"INT 증가, LUK 증가",에픽,상위권,other,1
12409,2025-12-10,렌,"INT 증가, LUK 증가",레전드리,상위권,field,1
12409,2025-12-10,렌,LUK 증가,에픽,상위권,boss,1
12409,2025-12-10,렌,LUK 증가,유니크,상위권,field,1
12409,2025-12-10,렌,"LUK 증가, DEX 증가",에픽,상위권,field,1
12409,2025-12-10,렌,"LUK 증가, INT 증가",에픽,상위권,field,2
12409,2025-12-10,렌,최대 MP 증가,레전드리,상위권,other,1
12409,2025-12-10,렌,STR 증가,에픽,상위권,other,1
12409,2025-12-10,렌,"STR 증가, DEX 증가",에픽,상위권,field,2
12409,2025-12-10,렌,"STR 증가, INT 증가",유니크,상위권,boss,1
12409,2025-12-10,렌,"STR 증가, INT 증가",유니크,상위권,field,1
12409,2025-12-10,렌,"STR 증가, LUK 증가",에픽,상위권,field,1
12409,2025-12-10,비숍,아이템 드롭률 증가,유니크,상위권,field,15
12409,2025-12-10,비숍,아이템 드롭률 증가,레전드리,상위권,boss,1
12409,2025-12-10,비숍,아이템 드롭률 증가,레전드리,상위권,field,22
12409,2025-12-10,비숍,마력 증가,에픽,상위권,boss,3
12409,2025-12-10,비숍,마력 증가,에픽,상위권,field,2
12409,2025-12-10,비숍,마력 증가,유니크,상위권,boss,19
12409,2025-12-10,비숍,마력 증가,유니크,상위권,field,1
12409,2025-12-10,비숍,메소 획득량 증가,에픽,상위권,field,2
12409,2025-12-10,비숍,메소 획득량 증가,유니크,상위권,field,14
12409,2025-12-10,비숍,메소 획득량 증가,레전드리,상위권,field,14
12409,2025-12-10,비숍,모든 능력치 증가,레어,상위권,other,2
12409,2025-12-10,비숍,모든 능력치 증가,에픽,상위권,other,1
12409,2025-12-10,비숍,버프 스킬의 지속 시간 증가,유니크,상위권,boss,10
12409,2025-12-10,비숍,버프 스킬의 지속 시간 증가,유니크,상위권,field,12
12409,2025-12-10,비숍,버프 스킬의 지속 시간 증가,레전드리,상위권,boss,2
12409,2025-12-10,비숍,버프 스킬의 지속 시간 증가,레전드리,상위권,field,1
12409,2025-12-10,비숍,상태 이상에 걸린 대상 공격 시 데미지 증가,에픽,상위권,field,1
12409,2025-12-10,비숍,상태 이상에 걸린 대상 공격 시 데미지 증가,유니크,상위권,boss,33
12409,2025-12-10,비숍,상태 이상에 걸린 대상 공격 시 데미지 증가,유니크,상위권,field,1
12409,2025-12-10,비숍,보스 몬스터 공격 시 데미지 증가,유니크,상위권,boss,3
12409,2025-12-10,비숍,보스 몬스터 공격 시 데미지 증가,레전드리,상위권,boss,31
12409,2025-12-10,비숍,일반 몬스터 공격 시 데미지 증가,에픽,상위권,field,3
12409,2025-12-10,비숍,일반 몬스터 공격 시 데미지 증가,유니크,상위권,field,6
12409,2025-12-10,비숍,AP를 직접 투자한 DEX의 만큼 STR 증가,에픽,상위권,field,2
12409,2025-12-10,비숍,AP를 직접 투자한 LUK의 만큼 DEX 증가,에픽,상위권,field,1
12409,2025-12-10,비숍,"DEX 증가, INT 증가",에픽,상위권,field,1
12409,2025-12-10,비숍,"DEX 증가, LUK 증가",에픽,상위권,field,2
12409,2025-12-10,비숍,"DEX 증가, STR 증가",에픽,상위권,field,1
12409,2025-12-10,비숍,INT 증가,에픽,상위권,field,1
12409,2025-12-10,비숍,INT 증가,유니크,상위권,field,2
12409,2025-12-10,비숍,"INT 증가, LUK 증가",에픽,상위권,field,1
12409,2025-12-10,비숍,"INT 증가, STR 증가",에픽,상위권,field,1
12409,2025-12-10,비숍,"LUK 증가, DEX 증가",에픽,상위권,field,1
12409,2025-12-10,비숍,"LUK 증가, INT 증가",에픽,상위권,field,2
12409,2025-12-10,비숍,"LUK 증가, STR 증가",에픽,상위권,field,1
12409,2025-12-10,비숍,STR 증가,에픽,상위권,field,1
12409,2025-12-10,아델,크리티컬 확률 증가,유니크,상위권,boss,1
12409,2025-12-10,아델,공격력 증가,유니크,상위권,boss,1
12409,2025-12-10,아델,아이템 드롭률 증가,유니크,상위권,field,10
12409,2025-12-10,아델,아이템 드롭률 증가,유니크,50층,field,1
12409,2025-12-10,아델,아이템 드롭률 증가,레전드리,상위권,boss,2
12409,2025-12-10,아델,아이템 드롭률 증가,레전드리,상위권,field,15
12409,2025-12-10,아델,아이템 드롭률 증가,레전드리,50층,field,1
12409,2025-12-10,아델,메소 획득량 증가,에픽,상위권,field,1
12409,2025-12-10,아델,메소 획득량 증가,유니크,상위권,field,14
12409,2025-12-10,아델,메소 획득량 증가,유니크,50층,field,1
12409,2025-12-10,아델,메소 획득량 증가,레전드리,상위권,field,10
12409,2025-12-10,아델,메소 획득량 증가,레전드리,50층,field,1
12409,2025-12-10,아델,버프 스킬의 지속 시간 증가,유니크,상위권,boss,2
12409,2025-12-10,아델,상태 이상에 걸린 대상 공격 시 데미지 증가,유니크,상위권,boss,23
12409,2025-12-10,아델,상태 이상에 걸린 대상 공격 시 데미지 증가,유니크,상위권,other,1
12409,2025-12-10,아델,상태 이상에 걸린 대상 공격 시 데미지 증가,유니크,50층,boss,1
12409,2025-12-10,아델,보스 몬스터 공격 시 데미지 증가,유니크,상위권,boss,13
12409,2025-12-10,아델,보스 몬스터 공격 시 데미지 증가,레전드리,상위권,boss,15
12409,2025-12-10,아델,보스 몬스터 공격 시 데미지 증가,레전드리,50층,boss,1
12409,2025-12-10,아델,일반 몬스터 공격 시 데미지 증가,에픽,상위권,boss,2
12409,2025-12-10,아델,일반 몬스터 공격 시 데미지 증가,에픽,상위권,field,2
12409,2025-12-10,아델,일반 몬스터 공격 시 데미지 증가,유니크,상위권,field,18
12409,2025-12-10,아델,일반 몬스터 공격 시 데미지 증가,유니크,50층,field,1
12409,2025-12-10,아델,스킬 사용 시 확률로 재사용 대기시간이 미적용,유니크,상위권,boss,14
12409,2025-12-10,아델,스킬 사용 시 확률로 재사용 대기시간이 미적용,유니크,상위권,field,2
12409,2025-12-10,아델,스킬 사용 시 확률로 재사용 대기시간이 미적용,유니크,50층,boss,1
12409,2025-12-10,아델,스킬 사용 시 확률로 재사용 대기시간이 미적용,레전드리,상위권,boss,10
12409,2025-12-10,아델,스킬 사용 시 확률로 재사용 대기시간이 미적용,레전드리,상위권,other,1
12409,2025-12-10,아델,"DEX 증가, INT 증가",에픽,상위권,field,1
12409,2025-12-10,아델,"DEX 증가, STR 증가",에픽,상위권,field,1
12409,2025-12-10,아델,"INT 증가, LUK 증가",에픽,상위권,field,1
12409,2025-12-10,아델,최대 MP 증가,레전드리,상위권,boss,1
12409,2025-12-10,아델,"STR 증가, DEX 증가",에픽,상위권,other,1
12409,2025-12-10,아델,"STR 증가, INT 증가",에픽,50층,field,1
12409,2025-12-10,와일드헌터,크리티컬 확률 증가,에픽,50층,boss,1
12409,2025-12-10,와일드헌터,아이템 드롭률 증가,유니크,50층,field,1
12409,2025-12-10,와일드헌터,아이템 드롭률 증가,레전드리,50층,field,2
12409,2025-12-10,와일드헌터,메소 획득량 증가,에픽,50층,boss,1
12409,2025-12-10,와일드헌터,메소 획득량 증가,에픽,50층,field,1
12409,2025-12-10,와일드헌터,메소 획득량 증가,유니크,50층,field,1
12409,2025-12-10,와일드헌터,메소 획득량 증가,레전드리,50층,field,1
12409,2025-12-10,와일드헌터,모든 능력치 증가,레어,50층,other,4
12409,2025-12-10,와일드헌터,모든 능력치 증가,에픽,50층,other,2
12409,2025-12-10,와일드헌터,버프 스킬의 지속 시간 증가,에픽,50층,other,1
12409,2025-12-10,와일드헌터,상태 이상에 걸린 대상 공격 시 데미지 증가,에픽,50층,boss,2
12409,2025-12-10,와일드헌터,상태 이상에 걸린 대상 공격 시 데미지 증가,유니크,50층,boss,2
12409,2025-12-10,와일드헌터,보스 몬스터 공격 시 데미지 증가,유니크,50층,boss,1
12409,2025-12-10,와일드헌터,보스 몬스터 공격 시 데미지 증가,레전드리,50층,boss,4
12409,2025-12-10,와일드헌터,일반 몬스터 공격 시 데미지 증가,에픽,50층,boss,1
12409,2025-12-10,와일드헌터,일반 몬스터 공격 시 데미지 증가,에픽,50층,field,1
12409,2025-12-10,와일드헌터,일반 몬스터 공격 시 데미지 증가,유니크,50층,field,1
12409,2025-12-10,와일드헌터,스킬 사용 시 확률로 재사용 대기시간이 미적용,유니크,50층,boss,1
12409,2025-12-10,와일드헌터,스킬 사용 시 확률로 재사용 대기시간이 미적용,레전드리,50층,boss,1
12409,2025-12-10,와일드헌터,AP를 직접 투자한 STR의 만큼 DEX 증가,에픽,50층,boss,1
12409,2025-12-10,와일드헌터,"INT 증가, LUK 증가",에픽,50층,field,1
12409,2025-12-10,와일드헌터,"INT 증가, STR 증가",레전드리,50층,other,1
12409,2025-12-10,와일드헌터,LUK 증가,에픽,50층,other,1
12409,2025-12-10,와일드헌터,STR 증가,레어,50층,other,1
12409,2025-12-10,와일드헌터,"STR 증가, DEX 증가",에픽,50층,other,1
12409,2025-12-10,와일드헌터,"STR 증가, INT 증가",레어,50층,other,1
12409,2025-12-10,듀얼블레이더,크리티컬 확률 증가,에픽,50층,field,1
12409,2025-12-10,듀얼블레이더,크리티컬 확률 증가,유니크,상위권,boss,1
12409,2025-12-10,듀얼블레이더,크리티컬 확률 증가,유니크,50층,boss,1
12409,2025-12-10,듀얼블레이더,공격력 증가,에픽,50층,field,1
12409,2025-12-10,듀얼블레이더,공격력 증가,유니크,상위권,boss,16
12409,2025-12-10,듀얼블레이더,공격력 증가,유니크,상위권,field,1
12409,2025-12-10,듀얼블레이더,공격력 증가,유니크,50층,boss,1
12409,2025-12-10,듀얼블레이더,아이템 드롭률 증가,에픽,50층,field,1
12409,2025-12-10,듀얼블레이더,아이템 드롭률 증가,유니크,상위권,field,7
12409,2025-12-10,듀얼블레이더,아이템 드롭률 증가,유니크,50층,field,1
12409,2025-12-10,듀얼블레이더,아이템 드롭률 증가,레전드리,상위권,field,18
12409,2025-12-10,듀얼블레이더,아이템 드롭률 증가,레전드리,50층,field,6
12409,2025-12-10,듀얼블레이더,마력 증가,에픽,50층,field,1
12409,2025-12-10,듀얼블레이더,메소 획득량 증가,에픽,50층,field,1
12409,2025-12-10,듀얼블레이더,메소 획득량 증가,유니크,상위권,field,18
12409,2025-12-10,듀얼블레이더,메소 획득량 증가,유니크,50층,field,5
12409,2025-12-10,듀얼블레이더,메소 획득량 증가,레전드리,상위권,field,7
12409,2025-12-10,듀얼블레이더,메소 획득량 증가,레전드리,50층,field,3
12409,2025-12-10,듀얼블레이더,모든 능력치 증가,레어,상위권,other,2
12409,2025-12-10,듀얼블레이더,모든 능력치 증가,레어,50층,other,6
12409,2025-12-10,듀얼블레이더,모든 능력치 증가,에픽,상위권,other,1
12409,2025-12-10,듀얼블레이더,모든 능력치 증가,에픽,50층,other,3
12409,2025-12-10,듀얼블레이더,버프 스킬의 지속 시간 증가,에픽,상위권,field,2
12409,2025-12-10,듀얼블레이더,버프 스킬의 지속 시간 증가,에픽,50층,field,1
12409,2025-12-10,듀얼블레이더,버프 스킬의 지속 시간 증가,유니크,상위권,boss,13
12409,2025-12-10,듀얼블레이더,버프 스킬의 지속 시간 증가,유니크,상위권,field,7
12409,2025-12-10,듀얼블레이더,버프 스킬의 지속 시간 증가,유니크,50층,boss,2
12409,2025-12-10,듀얼블레이더,상태 이상에 걸린 대상 공격 시 데미지 증가,에픽,50층,boss,1
12409,2025-12-10,듀얼블레이더,상태 이상에 걸린 대상 공격 시 데미지 증가,유니크,상위권,boss,31
12409,2025-12-10,듀얼블레이더,상태 이상에 걸린 대상 공격 시 데미지 증가,유니크,50층,boss,6
12409,2025-12-10,듀얼블레이더,상태 이상에 걸린 대상 공격 시 데미지 증가,레전드리,50층,field,1
12409,2025-12-10,듀얼블레이더,보스 몬스터 공격 시 데미지 증가,레전드리,상위권,boss,31
12409,2025-12-10,듀얼블레이더,보스 몬스터 공격 시 데미지 증가,레전드리,50층,boss,7
12409,2025-12-10,듀얼블레이더,일반 몬스터 공격 시 데미지 증가,에픽,상위권,field,1
12409,2025-12-10,듀얼블레이더,일반 몬스터 공격 시 데미지 증가,에픽,50층,field,2
12409,2025-12-10,듀얼블레이더,일반 몬스터 공격 시 데미지 증가,유니크,상위권,field,14
12409,2025-12-10,듀얼블레이더,일반 몬스터 공격 시 데미지 증가,유니크,50층,field,1
12409,2025-12-10,듀얼블레이더,스킬 사용 시 확률로 재사용 대기시간이 미적용,유니크,상위권,boss,1
12409,2025-12-10,듀얼블레이더,스킬 사용 시 확률로 재사용 대기시간이 미적용,유니크,50층,boss,1
12409,2025-12-10,듀얼블레이더,스킬 사용 시 확률로 재사용 대기시간이 미적용,레전드리,50층,field,1
12409,2025-12-10,듀얼블레이더,AP를 직접 투자한 INT의 만큼 LUK 증가,유니크,50층,boss,1
12409,2025-12-10,듀얼블레이더,DEX 증가,에픽,50층,field,2
12409,2025-12-10,듀얼블레이더,"INT 증가, STR 증가",에픽,50층,field,1
12409,2025-12-10,듀얼블레이더,LUK 증가,에픽,50층,field,1
12409,2025-12-10,듀얼블레이더,"LUK 증가, DEX 증가",에픽,50층,boss,1
12409,2025-12-10,듀얼블레이더,"LUK 증가, DEX 증가",유니크,50층,field,1
12409,2025-12-10,듀얼블레이더,"LUK 증가, INT 증가",에픽,50층,field,1
12409,2025-12-10,듀얼블레이더,최대 MP 증가,에픽,50층,field,1
12409,2025-12-17,렌,크리티컬 확률 증가,유니크,상위권,boss,1
12409,2025-12-17,렌,공격력 증가,에픽,상위권,boss,1
12409,2025-12-17,렌,공격력 증가,에픽,상위권,field,3
12409,2025-12-17,렌,공격력 증가,유니크,상위권,boss,19
12409,2025-12-17,렌,공격력 증가,유니크,상위권,field,5
12409,2025-12-17,렌,아이템 드롭률 증가,유니크,상위권,field,14
12409,2025-12-17,렌,아이템 드롭률 증가,레전드리,상위권,field,25
12409,2025-12-17,렌,"패시브 스킬 레벨이 증가 (액티브 혼합형, 차, 차 스킬 적용안됨)",레전드리,상위권,boss,1
12409,2025-12-17,렌,마력 증가,에픽,상위권,field,1
12409,2025-12-17,렌,메소 획득량 증가,유니크,상위권,field,17
12409,2025-12-17,렌,메소 획득량 증가,레전드리,상위권,field,14
12409,2025-12-17,렌,모든 능력치 증가,레어,상위권,other,2
12409,2025-12-17,렌,모든 능력치 증가,에픽,상위권,field,1
12409,2025-12-17,렌,모든 능력치 증가,에픽,상위권,other,1
12409,2025-12-17,렌,버프 스킬의 지속 시간 증가,유니크,상위권,boss,3
12409,2025-12-17,렌,상태 이상에 걸린 대상 공격 시 데미지 증가,에픽,상위권,other,1
12409,2025-12-17,렌,상태 이상에 걸린 대상 공격 시 데미지 증가,유니크,상위권,boss,28
12409,2025-12-17,렌,상태 이상에 걸린 대상 공격 시 데미지 증가,유니크,상위권,other,1
12409,2025-12-17,렌,보스 몬스터 공격 시 데미지 증가,유니크,상위권,boss,1
12409,2025-12-17,렌,보스 몬스터 공격 시 데미지 증가,레전드리,상위권,boss,28
12409,2025-12-17,렌,일반 몬스터 공격 시 데미지 증가,에픽,상위권,field,5
12409,2025-12-17,렌,일반 몬스터 공격 시 데미지 증가,유니크,상위권,field,18
12409,2025-12-17,렌,스킬 사용 시 확률로 재사용 대기시간이 미적용,레전드리,상위권,other,1
12409,2025-12-17,렌,AP를 직접 투자한 DEX의 만큼 STR 증가,에픽,상위권,field,1
12409,2025-12-17,렌,AP를 직접 투자한 DEX의 만큼 STR 증가,에픽,상위권,other,1
12409,2025-12-17,렌,AP를 직접 투자한 INT의 만큼 LUK 증가,에픽,상위권,field,1
12409,2025-12-17,렌,AP를 직접 투자한 STR의 만큼 DEX 증가,에픽,상위권,boss,1
12409,2025-12-17,렌,AP를 직접 투자한 STR의 만큼 DEX 증가,에픽,상위권,field,1
12409,2025-12-17,렌,DEX 증가,에픽,상위권,boss,1
12409,2025-12-17,렌,DEX 증가,에픽,상위권,other,1
12409,2025-12-17,렌,"DEX 증가, LUK 증가",에픽,상위권,field,1
12409,2025-12-17,렌,"DEX 증가, STR 증가",에픽,상위권,field,1
12409,2025-12-17,렌,INT 증가,에픽,상위권,field,2
12409,2025-12-17,렌,"INT 증가, DEX 증가",에픽,상위권,boss,1
12409,2025-12-17,렌,"INT 증가, DEX 증가",에픽,상위권,field,1
12409,2025-12-17,렌,"INT 증가, LUK 증가",에픽,상위권,field,1
12409,2025-12-17,렌,"INT 증가, LUK 증가",에픽,상위권,other,1
12409,2025-12-17,렌,LUK 증가,에픽,상위권,boss,2
12409,2025-12-17,렌,LUK 증가,유니크,상위권,field,1
12409,2025-12-17,렌,"LUK 증가, DEX 증가",에픽,상위권,field,2
12409,2025-12-17,렌,"LUK 증가, DEX 증가",레전드리,상위권,other,1
12409,2025-12-17,렌,최대 MP 증가,레전드리,상위권,other,1
12409,2025-12-17,렌,STR 증가,에픽,상위권,other,1
12409,2025-12-17,렌,"STR 증가, DEX 증가",에픽,상위권,field,2
12409,2025-12-17,비숍,아이템 드롭률 증가,유니크,상위권,field,9
12409,2025-12-17,비숍,아이템 드롭률 증가,유니크,50층,field,5
12409,2025-12-17,비숍,아이템 드롭률 증가,레전드리,상위권,boss,1
12409,2025-12-17,비숍,아이템 드롭률 증가,레전드리,상위권,field,14
12409,2025-12-17,비숍,아이템 드롭률 증가,레전드리,50층,field,4
12409,2025-12-17,비숍,마력 증가,에픽,상위권,boss,1
12409,2025-12-17,비숍,마력 증가,에픽,50층,field,1
12409,2025-12-17,비숍,마력 증가,유니크,상위권,boss,14
12409,2025-12-17,비숍,마력 증가,유니크,상위권,field,1
12409,2025-12-17,비숍,마력 증가,유니크,50층,boss,6
12409,2025-12-17,비숍,마력 증가,레전드리,50층,field,1
12409,2025-12-17,비숍,메소 획득량 증가,에픽,상위권,field,1
12409,2025-12-17,비숍,메소 획득량 증가,에픽,50층,field,1
12409,2025-12-17,비숍,메소 획득량 증가,유니크,상위권,field,10
12409,2025-12-17,비숍,메소 획득량 증가,유니크,50층,field,4
12409,2025-12-17,비숍,메소 획득량 증가,레전드리,상위권,field,8
12409,2025-12-17,비숍,메소 획득량 증가,레전드리,50층,field,5
12409,2025-12-17,비숍,모든 능력치 증가,레어,상위권,other,2
12409,2025-12-17,비숍,모든 능력치 증가,에픽,상위권,field,1
12409,2025-12-17,비숍,모든 능력치 증가,에픽,상위권,other,1
12409,2025-12-17,비숍,버프 스킬의 지속 시간 증가,유니크,상위권,boss,7
12409,2025-12-17,비숍,버프 스킬의 지속 시간 증가,유니크,상위권,field,10
12409,2025-12-17,비숍,버프 스킬의 지속 시간 증가,유니크,50층,boss,1
12409,2025-12-17,비숍,버프 스킬의 지속 시간 증가,유니크,50층,field,2
12409,2025-12-17,비숍,버프 스킬의 지속 시간 증가,레전드리,상위권,boss,2
12409,2025-12-17,비숍,버프 스킬의 지속 시간 증가,레전드리,상위권,field,1
12409,2025-12-17,비숍,버프 스킬의 지속 시간 증가,레전드리,50층,boss,1
12409,2025-12-17,비숍,상태 이상에 걸린 대상 공격 시 데미지 증가,에픽,50층,boss,1
12409,2025-12-17,비숍,상태 이상에 걸린 대상 공격 시 데미지 증가,유니크,상위권,boss,23
12409,2025-12-17,비숍,상태 이상에 걸린 대상 공격 시 데미지 증가,유니크,상위권,field,1
12409,2025-12-17,비숍,상태 이상에 걸린 대상 공격 시 데미지 증가,유니크,50층,boss,6
12409,2025-12-17,비숍,보스 몬스터 공격 시 데미지 증가,유니크,상위권,boss,3
12409,2025-12-17,비숍,보스 몬스터 공격 시 데미지 증가,유니크,50층,boss,1
12409,2025-12-17,비숍,보스 몬스터 공격 시 데미지 증가,레전드리,상위권,boss,21
12409,2025-12-17,비숍,보스 몬스터 공격 시 데미지 증가,레전드리,50층,boss,7
12409,2025-12-17,비숍,일반 몬스터 공격 시 데미지 증가,에픽,상위권,field,2
12409,2025-12-17,비숍,일반 몬스터 공격 시 데미지 증가,에픽,50층,field,2
12409,2025-12-17,비숍,일반 몬스터 공격 시 데미지 증가,유니크,상위권,field,3
12409,2025-12-17,비숍,일반 몬스터 공격 시 데미지 증가,유니크,50층,field,2
12409,2025-12-17,비숍,스킬 사용 시 확률로 재사용 대기시간이 미적용,유니크,50층,field,1
12409,2025-12-17,비숍,AP를 직접 투자한 INT의 만큼 LUK 증가,에픽,상위권,field,1
12409,2025-12-17,비숍,"DEX 증가, INT 증가",에픽,상위권,field,1
12409,2025-12-17,비숍,"DEX 증가, STR 증가",에픽,상위권,field,1
12409,2025-12-17,비숍,INT 증가,에픽,50층,field,1
12409,2025-12-17,비숍,INT 증가,유니크,50층,boss,1
12409,2025-12-17,비숍,"INT 증가, LUK 증가",에픽,상위권,field,1
12409,2025-12-17,비숍,"LUK 증가, INT 증가",에픽,50층,field,1
12409,2025-12-17,비숍,"LUK 증가, STR 증가",에픽,상위권,field,1
12409,2025-12-17,비숍,STR 증가,에픽,상위권,field,1
12409,2025-12-17,비숍,"STR 증가, INT 증가",에픽,상위권,field,1
12409,2025-12-17,비숍,"STR 증가, LUK 증가",에픽,상위권,field,1
12409,2025-12-17,아델,공격력 증가,유니크,상위권,boss,2
12409,2025-12-17,아델,아이템 드롭률 증가,유니크,상위권,field,11
12409,2025-12-17,아델,아이템 드롭률 증가,레전드리,상위권,boss,2
12409,2025-12-17,아델,아이템 드롭률 증가,레전드리,상위권,field,15
12409,2025-12-17,아델,메소 획득량 증가,유니크,상위권,field,15
12409,2025-12-17,아델,메소 획득량 증가,레전드리,상위권,field,11
12409,2025-12-17,아델,모든 능력치 증가,레어,상위권,other,2
12409,2025-12-17,아델,모든 능력치 증가,에픽,상위권,other,1
12409,2025-12-17,아델,버프 스킬의 지속 시간 증가,유니크,상위권,boss,2
12409,2025-12-17,아델,상태 이상에 걸린 대상 공격 시 데미지 증가,유니크,상위권,boss,28
12409,2025-12-17,아델,보스 몬스터 공격 시 데미지 증가,유니크,상위권,boss,13
12409,2025-12-17,아델,보스 몬스터 공격 시 데미지 증가,레전드리,상위권,boss,17
12409,2025-12-17,아델,일반 몬스터 공격 시 데미지 증가,에픽,상위권,field,2
12409,2025-12-17,아델,일반 몬스터 공격 시 데미지 증가,유니크,상위권,field,22
12409,2025-12-17,아델,스킬 사용 시 확률로 재사용 대기시간이 미적용,유니크,상위권,boss,15
12409,2025-12-17,아델,스킬 사용 시 확률로 재사용 대기시간이 미적용,유니크,상위권,field,1
12409,2025-12-17,아델,스킬 사용 시 확률로 재사용 대기시간이 미적용,레전드리,상위권,boss,11
12409,2025-12-17,아델,"DEX 증가, INT 증가",에픽,상위권,field,1
12409,2025-12-17,나이트로드,레벨마다 마력 증가,레전드리,50층,boss,1
12409,2025-12-17,나이트로드,크리티컬 확률 증가,에픽,50층,boss,1
12409,2025-12-17,나이트로드,공격력 증가,에픽,50층,field,1
12409,2025-12-17,나이트로드,공격력 증가,유니크,상위권,boss,9
12409,2025-12-17,나이트로드,공격력 증가,유니크,50층,boss,4
12409,2025-12-17,나이트로드,아이템 드롭률 증가,에픽,50층,field,1
12409,2025-12-17,나이트로드,아이템 드롭률 증가,유니크,상위권,field,4
12409,2025-12-17,나이트로드,아이템 드롭률 증가,유니크,50층,boss,1
12409,2025-12-17,나이트로드,아이템 드롭률 증가,유니크,50층,field,3
12409,2025-12-17,나이트로드,아이템 드롭률 증가,레전드리,상위권,field,12
12409,2025-12-17,나이트로드,아이템 드롭률 증가,레전드리,50층,field,6
12409,2025-12-17,나이트로드,메소 획득량 증가,유니크,상위권,field,12
12409,2025-12-17,나이트로드,메소 획득량 증가,유니크,50층,field,5
12409,2025-12-17,나이트로드,메소 획득량 증가,레전드리,상위권,field,4
12409,2025-12-17,나이트로드,메소 획득량 증가,레전드리,50층,field,4
12409,2025-12-17,나이트로드,모든 능력치 증가,레어,상위권,other,2
12409,2025-12-17,나이트로드,모든 능력치 증가,레어,50층,other,2
12409,2025-12-17,나이트로드,모든 능력치 증가,에픽,상위권,other,1
12409,2025-12-17,나이트로드,모든 능력치 증가,에픽,50층,other,1
12409,2025-12-17,나이트로드,버프 스킬의 지속 시간 증가,에픽,50층,field,1
12409,2025-12-17,나이트로드,버프 스킬의 지속 시간 증가,유니크,상위권,boss,8
12409,2025-12-17,나이트로드,버프 스킬의 지속 시간 증가,유니크,상위권,field,1
12409,2025-12-17,나이트로드,버프 스킬의 지속 시간 증가,유니크,50층,boss,4
12409,2025-12-17,나이트로드,버프 스킬의 지속 시간 증가,유니크,50층,field,1
12409,2025-12-17,나이트로드,상태 이상에 걸린 대상 공격 시 데미지 증가,에픽,50층,boss,1
12409,2025-12-17,나이트로드,상태 이상에 걸린 대상 공격 시 데미지 증가,유니크,상위권,boss,17
12409,2025-12-17,나이트로드,상태 이상에 걸린 대상 공격 시 데미지 증가,유니크,50층,boss,7
12409,2025-12-17,나이트로드,보스 몬스터 공격 시 데미지 증가,유니크,50층,boss,1
12409,2025-12-17,나이트로드,보스 몬스터 공격 시 데미지 증가,레전드리,상위권,boss,17
12409,2025-12-17,나이트로드,보스 몬스터 공격 시 데미지 증가,레전드리,50층,boss,9
12409,2025-12-17,나이트로드,일반 몬스터 공격 시 데미지 증가,에픽,상위권,field,2
12409,2025-12-17,나이트로드,일반 몬스터 공격 시 데미지 증가,에픽,50층,field,3
12409,2025-12-17,나이트로드,일반 몬스터 공격 시 데미지 증가,유니크,상위권,field,12
12409,2025-12-17,나이트로드,일반 몬스터 공격 시 데미지 증가,유니크,50층,field,3
12409,2025-12-17,나이트로드,AP를 직접 투자한 DEX의 만큼 STR 증가,에픽,상위권,other,1
12409,2025-12-17,나이트로드,AP를 직접 투자한 INT의 만큼 LUK 증가,유니크,상위권,other,1
12409,2025-12-17,나이트로드,AP를 직접 투자한 LUK의 만큼 DEX 증가,에픽,50층,field,1
12409,2025-12-17,나이트로드,DEX 증가,에픽,50층,boss,1
12409,2025-12-17,나이트로드,최대 HP 증가,에픽,50층,field,1
12409,2025-12-17,나이트로드,INT 증가,에픽,상위권,other,1
12409,2025-12-17,나이트로드,"INT 증가, STR 증가",에픽,상위권,field,1
12409,2025-12-17,나이트로드,"INT 증가, STR 증가",에픽,상위권,other,1
12409,2025-12-17,나이트로드,LUK 증가,레전드리,상위권,other,1
12409,2025-12-17,나이트로드,"LUK 증가, DEX 증가",레전드리,상위권,other,1
12409,2025-12-17,듀얼블레이더,크리티컬 확률 증가,에픽,50층,boss,1
12409,2025-12-17,듀얼블레이더,공격력 증가,유니크,상위권,boss,14
12409,2025-12-17,듀얼블레이더,공격력 증가,유니크,상위권,field,1
12409,2025-12-17,듀얼블레이더,공격력 증가,유니크,50층,boss,3
12409,2025-12-17,듀얼블레이더,아이템 드롭률 증가,유니크,상위권,field,11
12409,2025-12-17,듀얼블레이더,아이템 드롭률 증가,유니크,50층,field,1
12409,2025-12-17,듀얼블레이더,아이템 드롭률 증가,레전드리,상위권,field,15
12409,2025-12-17,듀얼블레이더,아이템 드롭률 증가,레전드리,50층,field,5
12409,2025-12-17,듀얼블레이더,"패시브 스킬 레벨이 증가 (액티브 혼합형, 차, 차 스킬 적용안됨)",레전드리,50층,other,1
12409,2025-12-17,듀얼블레이더,메소 획득량 증가,에픽,상위권,field,1
12409,2025-12-17,듀얼블레이더,메소 획득량 증가,에픽,50층,field,1
12409,2025-12-17,듀얼블레이더,메소 획득량 증가,유니크,상위권,field,14
12409,2025-12-17,듀얼블레이더,메소 획득량 증가,유니크,50층,field,4
12409,2025-12-17,듀얼블레이더,메소 획득량 증가,레전드리,상위권,field,11
12409,2025-12-17,듀얼블레이더,메소 획득량 증가,레전드리,50층,field,2
12409,2025-12-17,듀얼블레이더,모든 능력치 증가,레어,50층,other,10
12409,2025-12-17,듀얼블레이더,모든 능력치 증가,에픽,50층,other,5
12409,2025-12-17,듀얼블레이더,버프 스킬의 지속 시간 증가,에픽,상위권,field,2
12409,2025-12-17,듀얼블레이더,버프 스킬의 지속 시간 증가,유니크,상위권,boss,12
12409,2025-12-17,듀얼블레이더,버프 스킬의 지속 시간 증가,유니크,상위권,field,8
12409,2025-12-17,듀얼블레이더,버프 스킬의 지속 시간 증가,유니크,50층,boss,3
12409,2025-12-17,듀얼블레이더,상태 이상에 걸린 대상 공격 시 데미지 증가,유니크,상위권,boss,27
12409,2025-12-17,듀얼블레이더,상태 이상에 걸린 대상 공격 시 데미지 증가,유니크,상위권,field,2
12409,2025-12-17,듀얼블레이더,상태 이상에 걸린 대상 공격 시 데미지 증가,유니크,50층,boss,6
12409,2025-12-17,듀얼블레이더,상태 이상에 걸린 대상 공격 시 데미지 증가,레전드리,50층,field,1
12409,2025-12-17,듀얼블레이더,보스 몬스터 공격 시 데미지 증가,레전드리,상위권,boss,27
12409,2025-12-17,듀얼블레이더,보스 몬스터 공격 시 데미지 증가,레전드리,50층,boss,7
12409,2025-12-17,듀얼블레이더,일반 몬스터 공격 시 데미지 증가,에픽,상위권,field,2
12409,2025-12-17,듀얼블레이더,일반 몬스터 공격 시 데미지 증가,에픽,50층,field,2
12409,2025-12-17,듀얼블레이더,일반 몬스터 공격 시 데미지 증가,유니크,상위권,field,11
12409,2025-12-17,듀얼블레이더,일반 몬스터 공격 시 데미지 증가,유니크,50층,field,3
12409,2025-12-17,듀얼블레이더,스킬 사용 시 확률로 재사용 대기시간이 미적용,유니크,상위권,boss,1
12409,2025-12-17,듀얼블레이더,DEX 증가,에픽,50층,field,1
12409,2025-12-17,듀얼블레이더,"DEX 증가, INT 증가",레전드리,상위권,field,1
12409,2025-12-17,듀얼블레이더,"INT 증가, STR 증가",에픽,50층,field,1
12409,2025-12-17,듀얼블레이더,LUK 증가,에픽,50층,field,1
12409,2025-12-17,듀얼블레이더,"LUK 증가, DEX 증가",에픽,50층,boss,1
12409,2025-12-17,듀얼블레이더,"LUK 증가, DEX 증가",유니크,50층,field,1
12409,2025-12-17,듀얼블레이더,"LUK 증가, INT 증가",에픽,상위권,field,1
12409,2025-12-17,듀얼블레이더,"LUK 증가, STR 증가",에픽,50층,other,1
12409,2025-12-17,듀얼블레이더,STR 증가,에픽,상위권,field,1
12409,2025-12-17,듀얼블레이더,"STR 증가, DEX 증가",에픽,50층,field,1
12409,2025-12-17,듀얼블레이더,"STR 증가, DEX 증가",에픽,50층,other,1
12410,2025-12-24,렌,공격력 증가,에픽,상위권,boss,1
12410,2025-12-24,렌,공격력 증가,유니크,상위권,boss,10
12410,2025-12-24,렌,공격력 증가,유니크,상위권,field,3
12410,2025-12-24,렌,아이템 드롭률 증가,유니크,상위권,field,10
12410,2025-12-24,렌,아이템 드롭률 증가,레전드리,상위권,field,15
12410,2025-12-24,렌,"패시브 스킬 레벨이 증가 (액티브 혼합형, 차, 차 스킬 적용안됨)",레전드리,상위권,boss,1
12410,2025-12-24,렌,마력 증가,에픽,상위권,field,1
12410,2025-12-24,렌,메소 획득량 증가,유니크,상위권,field,9
12410,2025-12-24,렌,메소 획득량 증가,레전드리,상위권,field,11
12410,2025-12-24,렌,모든 능력치 증가,레어,상위권,other,2
12410,2025-12-24,렌,모든 능력치 증가,에픽,상위권,other,1
12410,2025-12-24,렌,버프 스킬의 지속 시간 증가,유니크,상위권,boss,4
12410,2025-12-24,렌,상태 이상에 걸린 대상 공격 시 데미지 증가,유니크,상위권,boss,15
12410,2025-12-24,렌,상태 이상에 걸린 대상 공격 시 데미지 증가,유니크,상위권,other,1
12410,2025-12-24,렌,보스 몬스터 공격 시 데미지 증가,유니크,상위권,boss,1
12410,2025-12-24,렌,보스 몬스터 공격 시 데미지 증가,레전드리,상위권,boss,15
12410,2025-12-24,렌,일반 몬스터 공격 시 데미지 증가,에픽,상위권,field,5
12410,2025-12-24,렌,일반 몬스터 공격 시 데미지 증가,유니크,상위권,field,10
12410,2025-12-24,렌,스킬 사용 시 확률로 재사용 대기시간이 미적용,레전드리,상위권,other,1
12410,2025-12-24,렌,AP를 직접 투자한 DEX의 만큼 STR 증가,에픽,상위권,field,2
12410,2025-12-24,렌,AP를 직접 투자한 DEX의 만큼 STR 증가,에픽,상위권,other,1
12410,2025-12-24,렌,"DEX 증가, LUK 증가",에픽,상위권,field,2
12410,2025-12-24,렌,"INT 증가, DEX 증가",에픽,상위권,field,1
12410,2025-12-24,렌,"INT 증가, LUK 증가",에픽,상위권,field,4
12410,2025-12-24,렌,"INT 증가, LUK 증가",에픽,상위권,other,1
12410,2025-12-24,렌,"LUK 증가, DEX 증가",에픽,상위권,field,1
12410,2025-12-24,렌,"LUK 증가, STR 증가",에픽,상위권,field,1
12410,2025-12-24,렌,최대 MP 증가,에픽,상위권,boss,1
12410,2025-12-24,렌,최대 MP 증가,레전드리,상위권,other,1
12410,2025-12-24,렌,STR 증가,에픽,상위권,other,1
12410,2025-12-24,렌,"STR 증가, DEX 증가",에픽,상위권,field,2
12410,2025-12-24,렌,"STR 증가, LUK 증가",에픽,상위권,field,1
12410,2025-12-24,비숍,아이템 드롭률 증가,유니크,상위권,field,8
12410,2025-12-24,비숍,아이템 드롭률 증가,유니크,50층,field,2
12410,2025-12-24,비숍,아이템 드롭률 증가,레전드리,상위권,field,15
12410,2025-12-24,비숍,아이템 드롭률 증가,레전드리,50층,field,5
12410,2025-12-24,비숍,마력 증가,에픽,50층,field,1
12410,2025-12-24,비숍,마력 증가,유니크,상위권,boss,14
12410,2025-12-24,비숍,마력 증가,유니크,상위권,field,2
12410,2025-12-24,비숍,마력 증가,유니크,50층,boss,4
12410,2025-12-24,비숍,마력 증가,레전드리,50층,field,1
12410,2025-12-24,비숍,메소 획득량 증가,에픽,상위권,field,1
12410,2025-12-24,비숍,메소 획득량 증가,에픽,50층,field,1
12410,2025-12-24,비숍,메소 획득량 증가,유니크,상위권,field,11
12410,2025-12-24,비숍,메소 획득량 증가,유니크,50층,field,5
12410,2025-12-24,비숍,메소 획득량 증가,레전드리,상위권,field,7
12410,2025-12-24,비숍,메소 획득량 증가,레전드리,50층,field,2
12410,2025-12-24,비숍,모든 능력치 증가,레어,상위권,other,2
12410,2025-12-24,비숍,모든 능력치 증가,에픽,상위권,other,1
12410,2025-12-24,비숍,버프 스킬의 지속 시간 증가,유니크,상위권,boss,7
12410,2025-12-24,비숍,버프 스킬의 지속 시간 증가,유니크,상위권,field,10
12410,2025-12-24,비숍,버프 스킬의 지속 시간 증가,유니크,50층,boss,2
12410,2025-12-24,비숍,버프 스킬의 지속 시간 증가,유니크,50층,field,1
12410,2025-12-24,비숍,버프 스킬의 지속 시간 증가,레전드리,상위권,boss,3
12410,2025-12-24,비숍,버프 스킬의 지속 시간 증가,레전드리,상위권,field,1
12410,2025-12-24,비숍,상태 이상에 걸린 대상 공격 시 데미지 증가,에픽,상위권,field,1
12410,2025-12-24,비숍,상태 이상에 걸린 대상 공격 시 데미지 증가,에픽,50층,boss,1
12410,2025-12-24,비숍,상태 이상에 걸린 대상 공격 시 데미지 증가,유니크,상위권,boss,24
12410,2025-12-24,비숍,상태 이상에 걸린 대상 공격 시 데미지 증가,유니크,상위권,field,2
12410,2025-12-24,비숍,상태 이상에 걸린 대상 공격 시 데미지 증가,유니크,50층,boss,4
12410,2025-12-24,비숍,상태 이상에 걸린 대상 공격 시 데미지 증가,유니크,50층,other,1
12410,2025-12-24,비숍,보스 몬스터 공격 시 데미지 증가,유니크,상위권,boss,3
12410,2025-12-24,비숍,보스 몬스터 공격 시 데미지 증가,레전드리,상위권,boss,21
12410,2025-12-24,비숍,보스 몬스터 공격 시 데미지 증가,레전드리,50층,boss,6
12410,2025-12-24,비숍,일반 몬스터 공격 시 데미지 증가,에픽,상위권,field,1
12410,2025-12-24,비숍,일반 몬스터 공격 시 데미지 증가,유니크,상위권,field,4
12410,2025-12-24,비숍,일반 몬스터 공격 시 데미지 증가,유니크,50층,field,3
12410,2025-12-24,비숍,스킬 사용 시 확률로 재사용 대기시간이 미적용,유니크,50층,field,1
12410,2025-12-24,비숍,AP를 직접 투자한 DEX의 만큼 STR 증가,에픽,50층,other,1
12410,2025-12-24,비숍,AP를 직접 투자한 LUK의 만큼 DEX 증가,에픽,상위권,field,1
12410,2025-12-24,비숍,"DEX 증가, INT 증가",에픽,상위권,field,1
12410,2025-12-24,비숍,"DEX 증가, STR 증가",에픽,상위권,field,1
12410,2025-12-24,비숍,최대 HP 증가,유니크,50층,field,1
12410,2025-12-24,비숍,최대 HP 증가,레전드리,50층,other,1
12410,2025-12-24,비숍,INT 증가,유니크,50층,boss,1
12410,2025-12-24,비숍,"INT 증가, DEX 증가",에픽,상위권,field,1
12410,2025-12-24,비숍,"INT 증가, LUK 증가",에픽,상위권,field,1
12410,2025-12-24,비숍,"LUK 증가, INT 증가",에픽,50층,field,1
12410,2025-12-24,비숍,"LUK 증가, STR 증가",에픽,상위권,field,1
12410,2025-12-24,아델,공격력 증가,유니크,상위권,boss,1
12410,2025-12-24,아델,아이템 드롭률 증가,유니크,상위권,field,10
12410,2025-12-24,아델,아이템 드롭률 증가,유니크,50층,field,2
12410,2025-12-24,아델,아이템 드롭률 증가,레전드리,상위권,boss,2
12410,2025-12-24,아델,아이템 드롭률 증가,레전드리,상위권,field,11
12410,2025-12-24,아델,아이템 드롭률 증가,레전드리,50층,field,2
12410,2025-12-24,아델,메소 획득량 증가,에픽,50층,field,1
12410,2025-12-24,아델,메소 획득량 증가,유니크,상위권,field,10
12410,2025-12-24,아델,메소 획득량 증가,유니크,50층,field,1
12410,2025-12-24,아델,메소 획득량 증가,레전드리,상위권,field,10
12410,2025-12-24,아델,메소 획득량 증가,레전드리,50층,field,2
12410,2025-12-24,아델,모든 능력치 증가,레어,상위권,other,2
12410,2025-12-24,아델,모든 능력치 증가,에픽,상위권,other,1
12410,2025-12-24,아델,버프 스킬의 지속 시간 증가,유니크,상위권,boss,2
12410,2025-12-24,아델,상태 이상에 걸린 대상 공격 시 데미지 증가,유니크,상위권,boss,22
12410,2025-12-24,아델,상태 이상에 걸린 대상 공격 시 데미지 증가,유니크,50층,boss,4
12410,2025-12-24,아델,상태 이상에 걸린 대상 공격 시 데미지 증가,레전드리,50층,boss,1
12410,2025-12-24,아델,보스 몬스터 공격 시 데미지 증가,유니크,상위권,boss,9
12410,2025-12-24,아델,보스 몬스터 공격 시 데미지 증가,유니크,50층,boss,2
12410,2025-12-24,아델,보스 몬스터 공격 시 데미지 증가,레전드리,상위권,boss,14
12410,2025-12-24,아델,보스 몬스터 공격 시 데미지 증가,레전드리,50층,boss,3
12410,2025-12-24,아델,일반 몬스터 공격 시 데미지 증가,에픽,상위권,field,1
12410,2025-12-24,아델,일반 몬스터 공격 시 데미지 증가,유니크,상위권,field,17
12410,2025-12-24,아델,일반 몬스터 공격 시 데미지 증가,유니크,50층,field,3
12410,2025-12-24,아델,스킬 사용 시 확률로 재사용 대기시간이 미적용,유니크,상위권,boss,12
12410,2025-12-24,아델,스킬 사용 시 확률로 재사용 대기시간이 미적용,유니크,50층,boss,3
12410,2025-12-24,아델,스킬 사용 시 확률로 재사용 대기시간이 미적용,레전드리,상위권,boss,7
12410,2025-12-24,아델,스킬 사용 시 확률로 재사용 대기시간이 미적용,레전드리,50층,boss,1
12410,2025-12-24,아델,DEX 증가,에픽,상위권,field,2
12410,2025-12-24,아델,"DEX 증가, INT 증가",에픽,상위권,field,1
12410,2025-12-24,아델,최대 HP 증가,유니크,상위권,field,1
12410,2025-12-24,아델,"STR 증가, INT 증가",에픽,50층,boss,1
12410,2025-12-24,아델,"STR 증가, INT 증가",에픽,50층,field,1
12410,2025-12-24,키네시스,크리티컬 확률 증가,에픽,50층,boss,1
12410,2025-12-24,키네시스,크리티컬 확률 증가,유니크,50층,boss,1
12410,2025-12-24,키네시스,아이템 드롭률 증가,유니크,상위권,field,1
12410,2025-12-24,키네시스,아이템 드롭률 증가,유니크,50층,field,1
12410,2025-12-24,키네시스,아이템 드롭률 증가,레전드리,상위권,field,1
12410,2025-12-24,키네시스,아이템 드롭률 증가,레전드리,50층,field,2
12410,2025-12-24,키네시스,"패시브 스킬 레벨이 증가 (액티브 혼합형, 차, 차 스킬 적용안됨)",레전드리,상위권,boss,1
12410,2025-12-24,키네시스,"패시브 스킬 레벨이 증가 (액티브 혼합형, 차, 차 스킬 적용안됨)",레전드리,50층,boss,1
12410,2025-12-24,키네시스,마력 증가,유니크,50층,boss,1
12410,2025-12-24,키네시스,메소 획득량 증가,에픽,50층,field,1
12410,2025-12-24,키네시스,메소 획득량 증가,유니크,상위권,field,1
12410,2025-12-24,키네시스,메소 획득량 증가,유니크,50층,field,2
12410,2025-12-24,키네시스,메소 획득량 증가,레전드리,상위권,field,1
12410,2025-12-24,키네시스,메소 획득량 증가,레전드리,50층,field,1
12410,2025-12-24,키네시스,모든 능력치 증가,레어,50층,other,4
12410,2025-12-24,키네시스,모든 능력치 증가,에픽,50층,other,2
12410,2025-12-24,키네시스,버프 스킬의 지속 시간 증가,유니크,50층,boss,3
12410,2025-12-24,키네시스,상태 이상에 걸린 대상 공격 시 데미지 증가,유니크,상위권,boss,1
12410,2025-12-24,키네시스,상태 이상에 걸린 대상 공격 시 데미지 증가,유니크,50층,boss,3
12410,2025-12-24,키네시스,보스 몬스터 공격 시 데미지 증가,유니크,상위권,boss,1
12410,2025-12-24,키네시스,보스 몬스터 공격 시 데미지 증가,유니크,50층,boss,1
12410,2025-12-24,키네시스,보스 몬스터 공격 시 데미지 증가,레전드리,50층,boss,4
12410,2025-12-24,키네시스,일반 몬스터 공격 시 데미지 증가,유니크,상위권,field,2
12410,2025-12-24,키네시스,일반 몬스터 공격 시 데미지 증가,유니크,50층,field,2
12410,2025-12-24,키네시스,다수 공격 스킬의 공격 대상 증가,레전드리,50층,field,1
12410,2025-12-24,키네시스,AP를 직접 투자한 INT의 만큼 LUK 증가,에픽,50층,field,1
12410,2025-12-24,키네시스,"DEX 증가, STR 증가",에픽,50층,other,1
12410,2025-12-24,키네시스,"INT 증가, LUK 증가",에픽,50층,other,1
12410,2025-12-24,키네시스,LUK 증가,레전드리,50층,other,1
12410,2025-12-24,키네시스,"STR 증가, INT 증가",에픽,50층,field,1
12410,2025-12-24,듀얼블레이더,크리티컬 확률 증가,유니크,상위권,field,1
12410,2025-12-24,듀얼블레이더,공격력 증가,유니크,상위권,boss,12
12410,2025-12-24,듀얼블레이더,공격력 증가,유니크,50층,boss,1
12410,2025-12-24,듀얼블레이더,아이템 드롭률 증가,유니크,상위권,field,7
12410,2025-12-24,듀얼블레이더,아이템 드롭률 증가,레전드리,상위권,field,12
12410,2025-12-24,듀얼블레이더,아이템 드롭률 증가,레전드리,50층,field,1
12410,2025-12-24,듀얼블레이더,메소 획득량 증가,에픽,50층,field,1
12410,2025-12-24,듀얼블레이더,메소 획득량 증가,유니크,상위권,field,12
12410,2025-12-24,듀얼블레이더,메소 획득량 증가,레전드리,상위권,field,7
12410,2025-12-24,듀얼블레이더,모든 능력치 증가,레어,상위권,other,2
12410,2025-12-24,듀얼블레이더,모든 능력치 증가,레어,50층,other,2
12410,2025-12-24,듀얼블레이더,모든 능력치 증가,에픽,상위권,other,1
12410,2025-12-24,듀얼블레이더,모든 능력치 증가,에픽,50층,other,1
12410,2025-12-24,듀얼블레이더,버프 스킬의 지속 시간 증가,에픽,상위권,field,2
12410,2025-12-24,듀얼블레이더,버프 스킬의 지속 시간 증가,유니크,상위권,boss,11
12410,2025-12-24,듀얼블레이더,버프 스킬의 지속 시간 증가,유니크,상위권,field,5
12410,2025-12-24,듀얼블레이더,버프 스킬의 지속 시간 증가,유니크,상위권,other,1
12410,2025-12-24,듀얼블레이더,상태 이상에 걸린 대상 공격 시 데미지 증가,유니크,상위권,boss,24
12410,2025-12-24,듀얼블레이더,상태 이상에 걸린 대상 공격 시 데미지 증가,유니크,상위권,field,1
12410,2025-12-24,듀얼블레이더,보스 몬스터 공격 시 데미지 증가,레전드리,상위권,boss,24
12410,2025-12-24,듀얼블레이더,보스 몬스터 공격 시 데미지 증가,레전드리,50층,boss,1
12410,2025-12-24,듀얼블레이더,일반 몬스터 공격 시 데미지 증가,에픽,상위권,field,2
12410,2025-12-24,듀얼블레이더,일반 몬스터 공격 시 데미지 증가,유니크,상위권,field,8
12410,2025-12-24,듀얼블레이더,스킬 사용 시 확률로 재사용 대기시간이 미적용,유니크,상위권,boss,1
12410,2025-12-24,듀얼블레이더,스킬 사용 시 확률로 재사용 대기시간이 미적용,유니크,50층,boss,1
12410,2025-12-24,듀얼블레이더,AP를 직접 투자한 INT의 만큼 LUK 증가,레전드리,상위권,other,1
12410,2025-12-24,듀얼블레이더,DEX 증가,에픽,50층,field,1
12410,2025-12-24,듀얼블레이더,LUK 증가,에픽,상위권,other,1
12410,2025-12-31,렌,공격력 증가,에픽,상위권,boss,1
12410,2025-12-31,렌,공격력 증가,에픽,상위권,field,1
12410,2025-12-31,렌,공격력 증가,유니크,상위권,boss,12
12410,2025-12-31,렌,공격력 증가,유니크,상위권,field,4
12410,2025-12-31,렌,아이템 드롭률 증가,유니크,상위권,field,7
12410,2025-12-31,렌,아이템 드롭률 증가,레전드리,상위권,field,18
12410,2025-12-31,렌,"패시브 스킬 레벨이 증가 (액티브 혼합형, 차, 차 스킬 적용안됨)",레전드리,상위권,boss,1
12410,2025-12-31,렌,마력 증가,에픽,상위권,field,1
12410,2025-12-31,렌,메소 획득량 증가,에픽,상위권,field,1
12410,2025-12-31,렌,메소 획득량 증가,유니크,상위권,field,12
12410,2025-12-31,렌,메소 획득량 증가,레전드리,상위권,field,8
12410,2025-12-31,렌,모든 능력치 증가,레어,상위권,other,6
12410,2025-12-31,렌,모든 능력치 증가,에픽,상위권,other,3
12410,2025-12-31,렌,버프 스킬의 지속 시간 증가,유니크,상위권,boss,4
12410,2025-12-31,렌,상태 이상에 걸린 대상 공격 시 데미지 증가,에픽,상위권,boss,1
12410,2025-12-31,렌,상태 이상에 걸린 대상 공격 시 데미지 증가,에픽,상위권,field,1
12410,2025-12-31,렌,상태 이상에 걸린 대상 공격 시 데미지 증가,유니크,상위권,boss,18
12410,2025-12-31,렌,상태 이상에 걸린 대상 공격 시 데미지 증가,유니크,상위권,other,1
12410,2025-12-31,렌,보스 몬스터 공격 시 데미지 증가,유니크,상위권,boss,1
12410,2025-12-31,렌,보스 몬스터 공격 시 데미지 증가,레전드리,상위권,boss,18
12410,2025-12-31,렌,일반 몬스터 공격 시 데미지 증가,에픽,상위권,field,5
12410,2025-12-31,렌,일반 몬스터 공격 시 데미지 증가,유니크,상위권,field,9
12410,2025-12-31,렌,스킬 사용 시 확률로 재사용 대기시간이 미적용,레전드리,상위권,other,1
12410,2025-12-31,렌,AP를 직접 투자한 DEX의 만큼 STR 증가,에픽,상위권,field,1
12410,2025-12-31,렌,AP를 직접 투자한 DEX의 만큼 STR 증가,에픽,상위권,other,1
12410,2025-12-31,렌,AP를 직접 투자한 LUK의 만큼 DEX 증가,에픽,상위권,other,1
12410,2025-12-31,렌,"DEX 증가, LUK 증가",에픽,상위권,field,1
12410,2025-12-31,렌,"DEX 증가, LUK 증가",에픽,상위권,other,1
12410,2025-12-31,렌,"INT 증가, DEX 증가",에픽,상위권,field,1
12410,2025-12-31,렌,"INT 증가, LUK 증가",에픽,상위권,field,3
12410,2025-12-31,렌,"INT 증가, LUK 증가",에픽,상위권,other,1
12410,2025-12-31,렌,LUK 증가,에픽,상위권,boss,1
12410,2025-12-31,렌,"LUK 증가, DEX 증가",에픽,상위권,field,1
12410,2025-12-31,렌,"LUK 증가, STR 증가",에픽,상위권,field,1
12410,2025-12-31,렌,최대 MP 증가,레전드리,상위권,other,2
12410,2025-12-31,렌,STR 증가,에픽,상위권,other,1
12410,2025-12-31,렌,"STR 증가, DEX 증가",에픽,상위권,field,1
12410,2025-12-31,렌,"STR 증가, INT 증가",에픽,상위권,field,1
12410,2025-12-31,렌,"STR 증가, LUK 증가",에픽,상위권,field,1
12410,2025-12-31,비숍,아이템 드롭률 증가,유니크,상위권,field,9
12410,2025-12-31,비숍,아이템 드롭률 증가,유니크,50층,field,1
12410,2025-12-31,비숍,아이템 드롭률 증가,레전드리,상위권,boss,1
12410,2025-12-31,비숍,아이템 드롭률 증가,레전드리,상위권,field,18
12410,2025-12-31,비숍,마력 증가,에픽,상위권,boss,1
12410,2025-12-31,비숍,마력 증가,유니크,상위권,boss,18
12410,2025-12-31,비숍,마력 증가,유니크,50층,boss,1
12410,2025-12-31,비숍,메소 획득량 증가,에픽,상위권,field,1
12410,2025-12-31,비숍,메소 획득량 증가,유니크,상위권,field,13
12410,2025-12-31,비숍,메소 획득량 증가,레전드리,상위권,field,8
12410,2025-12-31,비숍,메소 획득량 증가,레전드리,50층,field,1
12410,2025-12-31,비숍,모든 능력치 증가,에픽,상위권,field,1
12410,2025-12-31,비숍,버프 스킬의 지속 시간 증가,유니크,상위권,boss,8
12410,2025-12-31,비숍,버프 스킬의 지속 시간 증가,유니크,상위권,field,10
12410,2025-12-31,비숍,버프 스킬의 지속 시간 증가,유니크,50층,boss,1
12410,2025-12-31,비숍,버프 스킬의 지속 시간 증가,레전드리,상위권,boss,3
12410,2025-12-31,비숍,버프 스킬의 지속 시간 증가,레전드리,상위권,field,1
12410,2025-12-31,비숍,상태 이상에 걸린 대상 공격 시 데미지 증가,에픽,상위권,field,1
12410,2025-12-31,비숍,상태 이상에 걸린 대상 공격 시 데미지 증가,에픽,50층,boss,1
12410,2025-12-31,비숍,상태 이상에 걸린 대상 공격 시 데미지 증가,유니크,상위권,boss,32
12410,2025-12-31,비숍,상태 이상에 걸린 대상 공격 시 데미지 증가,유니크,상위권,field,2
12410,2025-12-31,비숍,상태 이상에 걸린 대상 공격 시 데미지 증가,유니크,50층,boss,1
12410,2025-12-31,비숍,보스 몬스터 공격 시 데미지 증가,유니크,상위권,boss,4
12410,2025-12-31,비숍,보스 몬스터 공격 시 데미지 증가,레전드리,상위권,boss,29
12410,2025-12-31,비숍,보스 몬스터 공격 시 데미지 증가,레전드리,50층,boss,2
12410,2025-12-31,비숍,일반 몬스터 공격 시 데미지 증가,에픽,상위권,boss,1
12410,2025-12-31,비숍,일반 몬스터 공격 시 데미지 증가,에픽,상위권,field,1
12410,2025-12-31,비숍,일반 몬스터 공격 시 데미지 증가,유니크,상위권,field,6
12410,2025-12-31,비숍,일반 몬스터 공격 시 데미지 증가,유니크,50층,field,1
12410,2025-12-31,비숍,AP를 직접 투자한 DEX의 만큼 STR 증가,에픽,상위권,boss,1
12410,2025-12-31,비숍,AP를 직접 투자한 INT의 만큼 LUK 증가,에픽,상위권,field,1
12410,2025-12-31,비숍,AP를 직접 투자한 LUK의 만큼 DEX 증가,에픽,상위권,field,1
12410,2025-12-31,비숍,"DEX 증가, INT 증가",에픽,상위권,field,1
12410,2025-12-31,비숍,INT 증가,에픽,상위권,field,1
12410,2025-12-31,비숍,"INT 증가, LUK 증가",에픽,상위권,field,2
12410,2025-12-31,비숍,"LUK 증가, DEX 증가",에픽,상위권,field,1
12410,2025-12-31,비숍,"LUK 증가, STR 증가",에픽,상위권,field,1
12410,2025-12-31,비숍,STR 증가,에픽,상위권,field,1
12410,2025-12-31,비숍,"STR 증가, DEX 증가",에픽,상위권,field,1
12410,2025-12-31,비숍,"STR 증가, LUK 증가",에픽,상위권,boss,1
12410,2025-12-31,아델,크리티컬 확률 증가,유니크,상위권,field,1
12410,2025-12-31,아델,크리티컬 확률 증가,유니크,상위권,other,1
12410,2025-12-31,아델,크리티컬 확률 증가,유니크,50층,other,1
12410,2025-12-31,아델,공격력 증가,에픽,50층,field,1
12410,2025-12-31,아델,공격력 증가,유니크,상위권,boss,1
12410,2025-12-31,아델,공격력 증가,유니크,50층,field,1
12410,2025-12-31,아델,공격력 증가,유니크,50층,other,1
12410,2025-12-31,아델,아이템 드롭률 증가,유니크,상위권,field,9
12410,2025-12-31,아델,아이템 드롭률 증가,유니크,50층,field,2
12410,2025-12-31,아델,아이템 드롭률 증가,레전드리,상위권,boss,2
12410,2025-12-31,아델,아이템 드롭률 증가,레전드리,상위권,field,10
12410,2025-12-31,아델,아이템 드롭률 증가,레전드리,50층,field,3
12410,2025-12-31,아델,메소 획득량 증가,유니크,상위권,field,10
12410,2025-12-31,아델,메소 획득량 증가,유니크,50층,field,3
12410,2025-12-31,아델,메소 획득량 증가,레전드리,상위권,field,9
12410,2025-12-31,아델,메소 획득량 증가,레전드리,50층,field,3
12410,2025-12-31,아델,모든 능력치 증가,레어,상위권,other,2
12410,2025-12-31,아델,모든 능력치 증가,에픽,상위권,other,1
12410,2025-12-31,아델,상태 이상에 걸린 대상 공격 시 데미지 증가,에픽,50층,boss,1
12410,2025-12-31,아델,상태 이상에 걸린 대상 공격 시 데미지 증가,유니크,상위권,boss,19
12410,2025-12-31,아델,상태 이상에 걸린 대상 공격 시 데미지 증가,유니크,상위권,other,1
12410,2025-12-31,아델,상태 이상에 걸린 대상 공격 시 데미지 증가,유니크,50층,boss,3
12410,2025-12-31,아델,상태 이상에 걸린 대상 공격 시 데미지 증가,유니크,50층,other,2
12410,2025-12-31,아델,보스 몬스터 공격 시 데미지 증가,유니크,상위권,boss,6
12410,2025-12-31,아델,보스 몬스터 공격 시 데미지 증가,유니크,50층,boss,1
12410,2025-12-31,아델,보스 몬스터 공격 시 데미지 증가,레전드리,상위권,boss,15
12410,2025-12-31,아델,보스 몬스터 공격 시 데미지 증가,레전드리,50층,boss,3
12410,2025-12-31,아델,일반 몬스터 공격 시 데미지 증가,에픽,50층,field,2
12410,2025-12-31,아델,일반 몬스터 공격 시 데미지 증가,유니크,상위권,field,17
12410,2025-12-31,아델,일반 몬스터 공격 시 데미지 증가,유니크,50층,field,2
12410,2025-12-31,아델,스킬 사용 시 확률로 재사용 대기시간이 미적용,유니크,상위권,boss,13
12410,2025-12-31,아델,스킬 사용 시 확률로 재사용 대기시간이 미적용,유니크,50층,boss,3
12410,2025-12-31,아델,스킬 사용 시 확률로 재사용 대기시간이 미적용,레전드리,상위권,boss,4
12410,2025-12-31,아델,스킬 사용 시 확률로 재사용 대기시간이 미적용,레전드리,상위권,other,1
12410,2025-12-31,아델,스킬 사용 시 확률로 재사용 대기시간이 미적용,레전드리,50층,boss,1
12410,2025-12-31,아델,스킬 사용 시 확률로 재사용 대기시간이 미적용,레전드리,50층,other,2
12410,2025-12-31,아델,AP를 직접 투자한 DEX의 만큼 STR 증가,에픽,상위권,boss,1
12410,2025-12-31,아델,"DEX 증가, INT 증가",에픽,상위권,field,1
12410,2025-12-31,아델,"INT 증가, STR 증가",에픽,50층,field,1
12410,2025-12-31,아델,STR 증가,에픽,상위권,boss,1
12410,2025-12-31,아델,"STR 증가, LUK 증가",에픽,상위권,boss,1
12410,2025-12-31,키네시스,크리티컬 확률 증가,유니크,상위권,other,1
12410,2025-12-31,키네시스,아이템 드롭률 증가,유니크,상위권,field,1
12410,2025-12-31,키네시스,아이템 드롭률 증가,유니크,50층,field,1
12410,2025-12-31,키네시스,아이템 드롭률 증가,레전드리,상위권,field,2
12410,2025-12-31,키네시스,아이템 드롭률 증가,레전드리,50층,field,3
12410,2025-12-31,키네시스,"패시브 스킬 레벨이 증가 (액티브 혼합형, 차, 차 스킬 적용안됨)",레전드리,상위권,other,1
12410,2025-12-31,키네시스,"패시브 스킬 레벨이 증가 (액티브 혼합형, 차, 차 스킬 적용안됨)",레전드리,50층,other,1
12410,2025-12-31,키네시스,마력 증가,유니크,50층,boss,1
12410,2025-12-31,키네시스,메소 획득량 증가,에픽,50층,field,1
12410,2025-12-31,키네시스,메소 획득량 증가,유니크,상위권,field,3
12410,2025-12-31,키네시스,메소 획득량 증가,유니크,50층,field,2
12410,2025-12-31,키네시스,메소 획득량 증가,레전드리,50층,field,1
12410,2025-12-31,키네시스,모든 능력치 증가,레어,50층,other,4
12410,2025-12-31,키네시스,모든 능력치 증가,에픽,50층,other,2
12410,2025-12-31,키네시스,버프 스킬의 지속 시간 증가,유니크,상위권,boss,2
12410,2025-12-31,키네시스,버프 스킬의 지속 시간 증가,유니크,50층,boss,4
12410,2025-12-31,키네시스,버프 스킬의 지속 시간 증가,유니크,50층,other,1
12410,2025-12-31,키네시스,상태 이상에 걸린 대상 공격 시 데미지 증가,에픽,50층,boss,1
12410,2025-12-31,키네시스,상태 이상에 걸린 대상 공격 시 데미지 증가,에픽,50층,other,1
12410,2025-12-31,키네시스,상태 이상에 걸린 대상 공격 시 데미지 증가,유니크,상위권,boss,2
12410,2025-12-31,키네시스,상태 이상에 걸린 대상 공격 시 데미지 증가,유니크,상위권,other,1
12410,2025-12-31,키네시스,상태 이상에 걸린 대상 공격 시 데미지 증가,유니크,50층,boss,4
12410,2025-12-31,키네시스,보스 몬스터 공격 시 데미지 증가,레전드리,상위권,boss,2
12410,2025-12-31,키네시스,보스 몬스터 공격 시 데미지 증가,레전드리,50층,boss,5
12410,2025-12-31,키네시스,일반 몬스터 공격 시 데미지 증가,유니크,상위권,field,2
12410,2025-12-31,키네시스,일반 몬스터 공격 시 데미지 증가,유니크,50층,field,3
12410,2025-12-31,키네시스,다수 공격 스킬의 공격 대상 증가,레전드리,상위권,field,1
12410,2025-12-31,키네시스,"INT 증가, LUK 증가",에픽,50층,field,1
12410,2025-12-31,듀얼블레이더,공격력 증가,유니크,상위권,boss,17
12410,2025-12-31,듀얼블레이더,공격력 증가,유니크,상위권,field,1
12410,2025-12-31,듀얼블레이더,공격력 증가,유니크,50층,boss,3
12410,2025-12-31,듀얼블레이더,아이템 드롭률 증가,에픽,50층,field,1
12410,2025-12-31,듀얼블레이더,아이템 드롭률 증가,유니크,상위권,field,8
12410,2025-12-31,듀얼블레이더,아이템 드롭률 증가,레전드리,상위권,field,16
12410,2025-12-31,듀얼블레이더,아이템 드롭률 증가,레전드리,50층,field,6
12410,2025-12-31,듀얼블레이더,메소 획득량 증가,에픽,50층,field,2
12410,2025-12-31,듀얼블레이더,메소 획득량 증가,유니크,상위권,field,15
12410,2025-12-31,듀얼블레이더,메소 획득량 증가,유니크,50층,field,5
12410,2025-12-31,듀얼블레이더,메소 획득량 증가,레전드리,상위권,field,8
12410,2025-12-31,듀얼블레이더,모든 능력치 증가,에픽,50층,boss,1
12410,2025-12-31,듀얼블레이더,버프 스킬의 지속 시간 증가,에픽,상위권,field,2
12410,2025-12-31,듀얼블레이더,버프 스킬의 지속 시간 증가,에픽,50층,boss,1
12410,2025-12-31,듀얼블레이더,버프 스킬의 지속 시간 증가,유니크,상위권,boss,11
12410,2025-12-31,듀얼블레이더,버프 스킬의 지속 시간 증가,유니크,상위권,field,6
12410,2025-12-31,듀얼블레이더,버프 스킬의 지속 시간 증가,유니크,50층,boss,2
12410,2025-12-31,듀얼블레이더,버프 스킬의 지속 시간 증가,유니크,50층,field,2
12410,2025-12-31,듀얼블레이더,버프 스킬의 지속 시간 증가,유니크,50층,other,1
12410,2025-12-31,듀얼블레이더,버프 스킬의 지속 시간 증가,레전드리,50층,other,1
12410,2025-12-31,듀얼블레이더,상태 이상에 걸린 대상 공격 시 데미지 증가,에픽,50층,boss,1
12410,2025-12-31,듀얼블레이더,상태 이상에 걸린 대상 공격 시 데미지 증가,유니크,상위권,boss,29
12410,2025-12-31,듀얼블레이더,상태 이상에 걸린 대상 공격 시 데미지 증가,유니크,상위권,field,3
12410,2025-12-31,듀얼블레이더,상태 이상에 걸린 대상 공격 시 데미지 증가,유니크,50층,boss,5
12410,2025-12-31,듀얼블레이더,상태 이상에 걸린 대상 공격 시 데미지 증가,유니크,50층,field,1
12410,2025-12-31,듀얼블레이더,상태 이상에 걸린 대상 공격 시 데미지 증가,레전드리,50층,field,1
12410,2025-12-31,듀얼블레이더,보스 몬스터 공격 시 데미지 증가,레전드리,상위권,boss,29
12410,2025-12-31,듀얼블레이더,보스 몬스터 공격 시 데미지 증가,레전드리,50층,boss,7
12410,2025-12-31,듀얼블레이더,일반 몬스터 공격 시 데미지 증가,레어,50층,field,1
12410,2025-12-31,듀얼블레이더,일반 몬스터 공격 시 데미지 증가,에픽,상위권,field,1
12410,2025-12-31,듀얼블레이더,일반 몬스터 공격 시 데미지 증가,에픽,50층,field,1
12410,2025-12-31,듀얼블레이더,일반 몬스터 공격 시 데미지 증가,유니크,상위권,field,10
12410,2025-12-31,듀얼블레이더,일반 몬스터 공격 시 데미지 증가,유니크,50층,field,3
12410,2025-12-31,듀얼블레이더,스킬 사용 시 확률로 재사용 대기시간이 미적용,유니크,상위권,boss,1
12410,2025-12-31,듀얼블레이더,스킬 사용 시 확률로 재사용 대기시간이 미적용,유니크,상위권,field,1
12410,2025-12-31,듀얼블레이더,스킬 사용 시 확률로 재사용 대기시간이 미적용,레전드리,50층,other,1
12410,2025-12-31,듀얼블레이더,AP를 직접 투자한 LUK의 만큼 DEX 증가,에픽,50층,other,1
12410,2025-12-31,듀얼블레이더,DEX 증가,유니크,상위권,field,1
12410,2025-12-31,듀얼블레이더,"DEX 증가, LUK 증가",에픽,50층,other,1
12410,2025-12-31,듀얼블레이더,"DEX 증가, STR 증가",에픽,50층,field,1
12410,2025-12-31,듀얼블레이더,최대 HP 증가,레전드리,상위권,field,1
12410,2025-12-31,듀얼블레이더,"INT 증가, DEX 증가",에픽,50층,field,1
12410,2025-12-31,듀얼블레이더,"INT 증가, LUK 증가",에픽,50층,field,1
12410,2025-12-31,듀얼블레이더,LUK 증가,레전드리,50층,field,1
12410,2025-12-31,듀얼블레이더,"STR 증가, DEX 증가",에픽,상위권,field,2
12410,2025-12-31,듀얼블레이더,"STR 증가, LUK 증가",에픽,50층,boss,1
12410,2025-12-31,듀얼블레이더,"STR 증가, LUK 증가",에픽,50층,other,1
