equipment_name,job,type,img,set
실버블라썸 링,키네시스,마법사,https://open.api.nexon.com/static/maplestory/item/icon/KEODIGKI,""
컨티뉴어스 링,비숍,마법사,https://open.api.nexon.com/static/maplestory/item/icon/KEODIEMI,""
파풀라투스 마크,듀얼블레이더,도적,https://open.api.nexon.com/static/maplestory/item/icon/KEPAJFJG,""
도미네이터 펜던트,키네시스,마법사,https://open.api.nexon.com/static/maplestory/item/icon/KEOAJEJF,""
이피아의 목걸이,아델,전사,https://open.api.nexon.com/static/maplestory/item/icon/KEOAJFJF,""
하이네스 어새신보닛,듀얼블레이더,도적,https://open.api.nexon.com/static/maplestory/item/icon/KEPCIPOB,""
하이네스 워리어헬름,아델,전사,https://open.api.nexon.com/static/maplestory/item/icon/KEPCIAHG,""
아케인셰이드 파이렛글러브,렌,전사,https://open.api.nexon.com/static/maplestory/item/icon/KEPKJBHI,""
아케인셰이드 파이렛케이프,렌,전사,https://open.api.nexon.com/static/maplestory/item/icon/KEOCJOKF,""
앱솔랩스 나이트글러브,아델,전사,https://open.api.nexon.com/static/maplestory/item/icon/KEPKJBNH,""
앱솔랩스 나이트케이프,아델,전사,https://open.api.nexon.com/static/maplestory/item/icon/KEOCJAJE,""
타워인헨스 링,듀얼블레이더,도적,https://open.api.nexon.com/static/maplestory/item/icon/KEODIGMJ,""
에레브의 광휘,렌,전사,https://open.api.nexon.com/static/maplestory/item/icon/KEMHJOJD,""
제네시스 가즈,나이트로드,도적,https://open.api.nexon.com/static/maplestory/item/icon/KELFJFJE,""
제네시스 클로,나이트로드,도적,https://open.api.nexon.com/static/maplestory/item/icon/KELKJFND,""
카노푸스 부츠,듀얼블레이더,도적,https://open.api.nexon.com/static/maplestory/item/icon/KEPFJEMA,""
카노푸스 슈트,듀얼블레이더,도적,https://open.api.nexon.com/static/maplestory/item/icon/KEPHJGNF,""
프리토의 친구,와일드헌터,궁수,https://open.api.nexon.com/static/maplestory/item/icon/KEOGJOOI,""
빅토리아 모험가,나이트로드,도적,https://open.api.nexon.com/static/maplestory/item/icon/KEOGIDGA,""
앱솔랩스 슬래셔,듀얼블레이더,도적,https://open.api.nexon.com/static/maplestory/item/icon/KEMBJFJF,""
에테르넬 아처햇,와일드헌터,궁수,https://open.api.nexon.com/static/maplestory/item/icon/KEPCOOGD,""
이피아의 귀고리,와일드헌터,궁수,https://open.api.nexon.com/static/maplestory/item/icon/KEPBJFMG,""
제네시스 스태프,비숍,마법사,https://open.api.nexon.com/static/maplestory/item/icon/KEMKJFJF,""
제네시스 창세검,렌,전사,https://open.api.nexon.com/static/maplestory/item/icon/KENDOHMF,""
제네시스 창세선,렌,전사,https://open.api.nexon.com/static/maplestory/item/icon/KENLJHMD,""
도전자의 어깨장식,키네시스,마법사,https://open.api.nexon.com/static/maplestory/item/icon/KEOHJFMH,""
앱솔랩스 블레이드,듀얼블레이더,도적,https://open.api.nexon.com/static/maplestory/item/icon/KEMGJGOA,""
앱솔랩스 시프숄더,듀얼블레이더,도적,https://open.api.nexon.com/static/maplestory/item/icon/KEOHJGJJ,""
앱솔랩스 아처숄더,와일드헌터,궁수,https://open.api.nexon.com/static/maplestory/item/icon/KEOHJGJG,""
앱솔랩스 아처슈즈,와일드헌터,궁수,https://open.api.nexon.com/static/maplestory/item/icon/KEPFIHNC,""
앱솔랩스 시프슈즈,듀얼블레이더,도적,https://open.api.nexon.com/static/maplestory/item/icon/KEPFIHNF,""
에테르넬 시프셔츠,듀얼블레이더,도적,https://open.api.nexon.com/static/maplestory/item/icon/KEPGJDNH,""
에테르넬 시프숄더,듀얼블레이더,도적,https://open.api.nexon.com/static/maplestory/item/icon/KEOHJFPE,""
에테르넬 시프슈즈,듀얼블레이더,도적,https://open.api.nexon.com/static/maplestory/item/icon/KEPFIBND,""
에테르넬 시프팬츠,듀얼블레이더,도적,https://open.api.nexon.com/static/maplestory/item/icon/KEPEJFGJ,""
마이스터 올마이티링,듀얼블레이더,도적,https://open.api.nexon.com/static/maplestory/item/icon/KEODIHIG,""
앱솔랩스 나이트숄더,아델,전사,https://open.api.nexon.com/static/maplestory/item/icon/KEOHJGJF,""
에테르넬 아처팬츠,와일드헌터,궁수,https://open.api.nexon.com/static/maplestory/item/icon/KEPEJFGG,""
에테르넬 아처후드,와일드헌터,궁수,https://open.api.nexon.com/static/maplestory/item/icon/KEPGJDNE,""
앱솔랩스 나이트슈즈,아델,전사,https://open.api.nexon.com/static/maplestory/item/icon/KEPFIHNB,""
앱솔랩스 나이트헬름,아델,전사,https://open.api.nexon.com/static/maplestory/item/icon/KEPCPDMD,""
앱솔랩스 메이지숄더,비숍,마법사,https://open.api.nexon.com/static/maplestory/item/icon/KEOHJGJH,""
앱솔랩스 메이지슈즈,키네시스,마법사,https://open.api.nexon.com/static/maplestory/item/icon/KEPFIHND,""
에테르넬 파이렛햇,나이트로드,도적,https://open.api.nexon.com/static/maplestory/item/icon/KEPCOOGF,""
제네시스 소울슈터,렌,전사,https://open.api.nexon.com/static/maplestory/item/icon/KENAJGMD,""
하이네스 원더러햇,렌,전사,https://open.api.nexon.com/static/maplestory/item/icon/KEPCIPOA,""
도전자의 크로스보우,와일드헌터,궁수,https://open.api.nexon.com/static/maplestory/item/icon/KELEJFIG,""
레이븐혼 체이서아머,듀얼블레이더,도적,https://open.api.nexon.com/static/maplestory/item/icon/KEPHJEPG,""
앱솔랩스 아처글러브,와일드헌터,궁수,https://open.api.nexon.com/static/maplestory/item/icon/KEPKJBNJ,""
앱솔랩스 아처케이프,와일드헌터,궁수,https://open.api.nexon.com/static/maplestory/item/icon/KEOCJAHE,""
앱솔랩스 파이렛숄더,나이트로드,도적,https://open.api.nexon.com/static/maplestory/item/icon/KEOHJGJI,""
앱솔랩스 파이렛슈즈,나이트로드,도적,https://open.api.nexon.com/static/maplestory/item/icon/KEPFIHNE,""
앱솔랩스 시프글러브,듀얼블레이더,도적,https://open.api.nexon.com/static/maplestory/item/icon/KEPKJBNI,""
앱솔랩스 시프케이프,듀얼블레이더,도적,https://open.api.nexon.com/static/maplestory/item/icon/KEOCJAHH,""
에테르넬 나이트숄더,렌,전사,https://open.api.nexon.com/static/maplestory/item/icon/KEOHJFPD,""
에테르넬 나이트슈즈,렌,전사,https://open.api.nexon.com/static/maplestory/item/icon/KEPFIBMI,""
에테르넬 파이렛코트,나이트로드,도적,https://open.api.nexon.com/static/maplestory/item/icon/KEPGJDNG,""
에테르넬 파이렛팬츠,나이트로드,도적,https://open.api.nexon.com/static/maplestory/item/icon/KEPEJFGI,""
이글아이 레인져후드,와일드헌터,궁수,https://open.api.nexon.com/static/maplestory/item/icon/KEPGJFLH,""
이글아이 원더러코트,렌,전사,https://open.api.nexon.com/static/maplestory/item/icon/KEPGJFLJ,""
에테르넬 나이트아머,렌,전사,https://open.api.nexon.com/static/maplestory/item/icon/KEPGJDNC,""
에테르넬 나이트팬츠,렌,전사,https://open.api.nexon.com/static/maplestory/item/icon/KEPEJFGE,""
에테르넬 나이트헬름,렌,전사,https://open.api.nexon.com/static/maplestory/item/icon/KEPCOOGB,""
에테르넬 메이지로브,비숍,마법사,https://open.api.nexon.com/static/maplestory/item/icon/KEPGJDNF,""
에테르넬 메이지숄더,비숍,마법사,https://open.api.nexon.com/static/maplestory/item/icon/KEOHJFPC,""
에테르넬 메이지슈즈,비숍,마법사,https://open.api.nexon.com/static/maplestory/item/icon/KEPFIBNB,""
에테르넬 메이지팬츠,비숍,마법사,https://open.api.nexon.com/static/maplestory/item/icon/KEPEJFGH,""
앱솔랩스 메이지글러브,키네시스,마법사,https://open.api.nexon.com/static/maplestory/item/icon/KEPKJBNG,""
앱솔랩스 메이지케이프,비숍,마법사,https://open.api.nexon.com/static/maplestory/item/icon/KEOCJAHF,""
앱솔랩스 메이지크라운,비숍,마법사,https://open.api.nexon.com/static/maplestory/item/icon/KEPCPDMC,""
정령의 펜던트,키네시스,마법사,https://open.api.nexon.com/static/maplestory/item/icon/KEOAJFPE,""
제네시스 크로스보우,와일드헌터,궁수,https://open.api.nexon.com/static/maplestory/item/icon/KELEJFLD,""
트릭스터 레인져팬츠,와일드헌터,궁수,https://open.api.nexon.com/static/maplestory/item/icon/KEPEJGIG,""
트릭스터 원더러팬츠,렌,전사,https://open.api.nexon.com/static/maplestory/item/icon/KEPEJGII,""
파프니르 윈드윙슈터,와일드헌터,궁수,https://open.api.nexon.com/static/maplestory/item/icon/KELEJFLB,""
하이네스 레인져베레,와일드헌터,궁수,https://open.api.nexon.com/static/maplestory/item/icon/KEPCIAHI,""
앱솔랩스 파이렛글러브,나이트로드,도적,https://open.api.nexon.com/static/maplestory/item/icon/KEPKJBKB,""
무스펠 로그햇,듀얼블레이더,도적,https://open.api.nexon.com/static/maplestory/item/icon/KEPCPFMG,""
이볼빙 파사부,나이트로드,도적,https://open.api.nexon.com/static/maplestory/item/icon/KEMHJFHC,""
쿨썸머 물안경,아델,전사,https://open.api.nexon.com/static/maplestory/item/icon/KEPAJGIF,""
데스티니 대거,듀얼블레이더,도적,https://open.api.nexon.com/static/maplestory/item/icon/KEMBJEOC,""
데스티니 튜너,아델,전사,https://open.api.nexon.com/static/maplestory/item/icon/KENDIHLC,""
도전자의 망토,키네시스,마법사,https://open.api.nexon.com/static/maplestory/item/icon/KEOCIAMH,""
도전자의 모자,키네시스,마법사,https://open.api.nexon.com/static/maplestory/item/icon/KEPCNCND,""
앱솔랩스 파이렛케이프,나이트로드,도적,https://open.api.nexon.com/static/maplestory/item/icon/KEOCJAHG,""
아즈모스 협곡 탐사대,와일드헌터,궁수,https://open.api.nexon.com/static/maplestory/item/icon/KEOGIEGH,""
목요일엔 역시 몬스터파크,와일드헌터,궁수,https://open.api.nexon.com/static/maplestory/item/icon/KEOGJOPJ,""
월요일엔 역시 몬스터파크,와일드헌터,궁수,https://open.api.nexon.com/static/maplestory/item/icon/KEOGJOPE,""
도전자의 상의,키네시스,마법사,https://open.api.nexon.com/static/maplestory/item/icon/KEPGJDIF,""
도전자의 신발,키네시스,마법사,https://open.api.nexon.com/static/maplestory/item/icon/KEPFIONF,""
도전자의 장갑,키네시스,마법사,https://open.api.nexon.com/static/maplestory/item/icon/KEPKJPPE,""
도전자의 하의,키네시스,마법사,https://open.api.nexon.com/static/maplestory/item/icon/KEPEJEOD,""
마이스터 숄더,아델,전사,https://open.api.nexon.com/static/maplestory/item/icon/KEOHJGLF,""
이피아의 반지,아델,전사,https://open.api.nexon.com/static/maplestory/item/icon/KEODIHGI,""
제네시스 대거,듀얼블레이더,도적,https://open.api.nexon.com/static/maplestory/item/icon/KEMBJFGI,""
제네시스 완드,비숍,마법사,https://open.api.nexon.com/static/maplestory/item/icon/KEMFJFNG,""
제네시스 튜너,아델,전사,https://open.api.nexon.com/static/maplestory/item/icon/KENDIHMD,""
플라즈마 하트,렌,전사,https://open.api.nexon.com/static/maplestory/item/icon/KEJFJHHI,""
데스티니 스태프,비숍,마법사,https://open.api.nexon.com/static/maplestory/item/icon/KEMKJFGG,""
마이스터 이어링,비숍,마법사,https://open.api.nexon.com/static/maplestory/item/icon/KEPBJFOB,""
세계수의 수호자,키네시스,마법사,https://open.api.nexon.com/static/maplestory/item/icon/KEOGJCNH,""
앱솔랩스 시프캡,듀얼블레이더,도적,https://open.api.nexon.com/static/maplestory/item/icon/KEPCPDME,""
에스텔라 이어링,키네시스,마법사,https://open.api.nexon.com/static/maplestory/item/icon/KEPBJENB,""
카오스 혼테일의 목걸이,키네시스,마법사,https://open.api.nexon.com/static/maplestory/item/icon/KEOAJHJH,""
어비스 헌터스 링,비숍,마법사,https://open.api.nexon.com/static/maplestory/item/icon/KEODPEMG,""
운명을 넘어선 자,키네시스,마법사,https://open.api.nexon.com/static/maplestory/item/icon/KEOGIGKA,""
이터널 플레임 링,키네시스,마법사,https://open.api.nexon.com/static/maplestory/item/icon/KEODPEMF,""
분노한 자쿰의 벨트,렌,전사,https://open.api.nexon.com/static/maplestory/item/icon/KEOBJFHH,""
미궁의 깊이를 아는 자,아델,전사,https://open.api.nexon.com/static/maplestory/item/icon/KEOGIGNH,""
여명의 가디언 엔젤 링,듀얼블레이더,도적,https://open.api.nexon.com/static/maplestory/item/icon/KEODIEPH,""
하이네스 던위치햇,비숍,마법사,https://open.api.nexon.com/static/maplestory/item/icon/KEPCIAHJ,""
에테르넬 나이트글러브,렌,전사,https://open.api.nexon.com/static/maplestory/item/icon/KEPKJAIB,""
에테르넬 나이트케이프,렌,전사,https://open.api.nexon.com/static/maplestory/item/icon/KEOCIDNC,""
에테르넬 메이지글러브,비숍,마법사,https://open.api.nexon.com/static/maplestory/item/icon/KEPKJAIA,""
에테르넬 메이지케이프,비숍,마법사,https://open.api.nexon.com/static/maplestory/item/icon/KEOCIDNF,""
타일런트 헤르메스 벨트,비숍,마법사,https://open.api.nexon.com/static/maplestory/item/icon/KEOBJGJE,""
타일런트 히아데스 벨트,아델,전사,https://open.api.nexon.com/static/maplestory/item/icon/KEOBJGJF,""
가디언의 마이스터 임모탈 링,듀얼블레이더,도적,https://open.api.nexon.com/static/maplestory/item/icon/KEODIHIC,""
버서커의 마이스터 임모탈 링,아델,전사,https://open.api.nexon.com/static/maplestory/item/icon/KEODIHIF,""
플래티넘 크로스 링,아델,전사,https://open.api.nexon.com/static/maplestory/item/icon/KEODJBJI,""
어드벤처 딥다크 크리티컬 링,키네시스,마법사,https://open.api.nexon.com/static/maplestory/item/icon/KEODPEPD,""
아쿠아틱 레터 눈장식,키네시스,마법사,https://open.api.nexon.com/static/maplestory/item/icon/KEPAJFNA,""
저주받은 녹의 마도서,비숍,마법사,https://open.api.nexon.com/static/maplestory/item/icon/KEOEJHGD,""
저주받은 적의 마도서,렌,전사,https://open.api.nexon.com/static/maplestory/item/icon/KEOEJHGB,""
저주받은 청의 마도서,비숍,마법사,https://open.api.nexon.com/static/maplestory/item/icon/KEOEJHGA,""
일요일엔 역시 몬스터파크,키네시스,마법사,https://open.api.nexon.com/static/maplestory/item/icon/KEOGJOMA,""
신비한 한글의 기운,비숍,마법사,https://open.api.nexon.com/static/maplestory/item/icon/KEOGIDGC,""
카오스 핑크빈 마크,비숍,마법사,https://open.api.nexon.com/static/maplestory/item/icon/KEPAJGKF,""
스페셜 정령의 펜던트,듀얼블레이더,도적,https://open.api.nexon.com/static/maplestory/item/icon/KEOAJGLH,""
이볼빙 백금의 서 <종장>,비숍,마법사,https://open.api.nexon.com/static/maplestory/item/icon/KEMHJFLC,""
헬리시움 정예 궁수 벨트,와일드헌터,궁수,https://open.api.nexon.com/static/maplestory/item/icon/KEOBJGIH,""
미트라의 분노 : 해적,나이트로드,도적,https://open.api.nexon.com/static/maplestory/item/icon/KEOLLCLI,""
가디언 엔젤 링,렌,전사,https://open.api.nexon.com/static/maplestory/item/icon/KEODIEPC,""
마력이 깃든 안대,비숍,마법사,https://open.api.nexon.com/static/maplestory/item/icon/KEPAJFJJ,""
마이스터링,렌,전사,https://open.api.nexon.com/static/maplestory/item/icon/KEODIHLE,""
빅토리아컵,비숍,마법사,https://open.api.nexon.com/static/maplestory/item/icon/KEOGIELD,""
꿈나무,와일드헌터,궁수,https://open.api.nexon.com/static/maplestory/item/icon/KEOGIFLJ,""
파사부,나이트로드,도적,https://open.api.nexon.com/static/maplestory/item/icon/KEMHJFHD,""
리스트레인트 링,듀얼블레이더,도적,https://open.api.nexon.com/static/maplestory/item/icon/KEODIHHJ,""
아케인셰이드 대거,듀얼블레이더,도적,https://open.api.nexon.com/static/maplestory/item/icon/KEMBJFJI,""
아케인셰이드 튜너,아델,전사,https://open.api.nexon.com/static/maplestory/item/icon/KENDIHPJ,""
아케인셰이드 나이트글러브,렌,전사,https://open.api.nexon.com/static/maplestory/item/icon/KEPKJBHE,""
아케인셰이드 나이트케이프,렌,전사,https://open.api.nexon.com/static/maplestory/item/icon/KEOCJOKB,""
아케인셰이드 메이지글러브,비숍,마법사,https://open.api.nexon.com/static/maplestory/item/icon/KEPKJBHH,""
아케인셰이드 메이지케이프,비숍,마법사,https://open.api.nexon.com/static/maplestory/item/icon/KEOCJOKA,""
하이브리드 하트,듀얼블레이더,도적,https://open.api.nexon.com/static/maplestory/item/icon/KEOLLFOA,""
저주받은 황의 마도서,듀얼블레이더,도적,https://open.api.nexon.com/static/maplestory/item/icon/KEOEJHGC,""
아케인셰이드 가즈,나이트로드,도적,https://open.api.nexon.com/static/maplestory/item/icon/KELFJFIE,""
아케인셰이드 크로스보우,와일드헌터,궁수,https://open.api.nexon.com/static/maplestory/item/icon/KELEJFKC,""
미트라의 분노 : 도적,듀얼블레이더,도적,https://open.api.nexon.com/static/maplestory/item/icon/KEOLLCLJ,""
아케인셰이드 파이렛숄더,렌,전사,https://open.api.nexon.com/static/maplestory/item/icon/KEOHJFOB,""
미트라의 분노 : 전사,렌,전사,https://open.api.nexon.com/static/maplestory/item/icon/KEOLLCLE,""
아케인셰이드 파이렛슈즈,렌,전사,https://open.api.nexon.com/static/maplestory/item/icon/KEPFIGID,""
미트라의 분노 : 마법사,비숍,마법사,https://open.api.nexon.com/static/maplestory/item/icon/KEOLLCLG,""
미카엘의 새 안경,비숍,마법사,https://open.api.nexon.com/static/maplestory/item/icon/KEPAJFKE,""
글로리온 링 : 슈프림,렌,전사,https://open.api.nexon.com/static/maplestory/item/icon/KEODPEPH,""
벤젼스 링,비숍,마법사,https://open.api.nexon.com/static/maplestory/item/icon/KEODPEOB,""
쟈이힌 블레이드,듀얼블레이더,도적,https://open.api.nexon.com/static/maplestory/item/icon/KEMGJHHI,""
칠요의 몬스터파커,렌,전사,https://open.api.nexon.com/static/maplestory/item/icon/KEOGJOMD,""
고귀한 이피아의 반지,비숍,마법사,https://open.api.nexon.com/static/maplestory/item/icon/KEODIFGD,""
카오스 벨룸 킬러,비숍,마법사,https://open.api.nexon.com/static/maplestory/item/icon/KEOGJOOE,""
튼튼한 기계 장갑,아델,전사,https://open.api.nexon.com/static/maplestory/item/icon/KEPKJFGC,""
베어스 그린 펜던트,렌,전사,https://open.api.nexon.com/static/maplestory/item/icon/KEOAJHGJ,""
베어스 레드 펜던트,렌,전사,https://open.api.nexon.com/static/maplestory/item/icon/KEOAJHGI,""
와일드 팡,와일드헌터,궁수,https://open.api.nexon.com/static/maplestory/item/icon/KEMHJOID,""
칠요의 뱃지,아델,전사,https://open.api.nexon.com/static/maplestory/item/icon/KEOKJFOB,""
티타늄 하트,아델,전사,https://open.api.nexon.com/static/maplestory/item/icon/KEJFJHKB,""
페어리 하트,아델,전사,https://open.api.nexon.com/static/maplestory/item/icon/KEJFJHJI,""
핑크빛 성배,키네시스,마법사,https://open.api.nexon.com/static/maplestory/item/icon/KEOEJHME,""
그리드 펜던트,비숍,마법사,https://open.api.nexon.com/static/maplestory/item/icon/KEOAJFPI,""
도로시 챌린저,렌,전사,https://open.api.nexon.com/static/maplestory/item/icon/KEOGJBHE,""
메이플 대학교,아델,전사,https://open.api.nexon.com/static/maplestory/item/icon/KEOGIDKD,""
아울스 그린 펜던트,렌,전사,https://open.api.nexon.com/static/maplestory/item/icon/KEOAJHHD,""
"오닉스 링 ""완성""",비숍,마법사,https://open.api.nexon.com/static/maplestory/item/icon/KEODPFMH,""
백금의 서 <블랙>,비숍,마법사,https://open.api.nexon.com/static/maplestory/item/icon/KEMHJFLG,""
백금의 서 <종장>,비숍,마법사,https://open.api.nexon.com/static/maplestory/item/icon/KEMHJFLD,""
리튬 하트,키네시스,마법사,https://open.api.nexon.com/static/maplestory/item/icon/KEJFJHGH,""
골든 클로버 벨트,키네시스,마법사,https://open.api.nexon.com/static/maplestory/item/icon/KEOBJFJD,""
골드 나이트 엠블렘,아델,전사,https://open.api.nexon.com/static/maplestory/item/icon/KEOLLCLD,""
☆메이프릴 아일랜드☆,아델,전사,https://open.api.nexon.com/static/maplestory/item/icon/KEOGIEOF,""
♠블루밍 메이플♠,아델,전사,https://open.api.nexon.com/static/maplestory/item/icon/KEOGIFKB,""
사이클롭스 아이 Lv.3,나이트로드,도적,https://open.api.nexon.com/static/maplestory/item/icon/KEPAJFMH,""
영생의 돌,키네시스,마법사,https://open.api.nexon.com/static/maplestory/item/icon/KEOEJHOI,""
카오스 링,아델,전사,https://open.api.nexon.com/static/maplestory/item/icon/KEODPEOH,""
거대한 공포,비숍,마법사,https://open.api.nexon.com/static/maplestory/item/icon/KEODIEOH,""
결속의 반지,아델,전사,https://open.api.nexon.com/static/maplestory/item/icon/KEODPEOD,""
고통의 근원,비숍,마법사,https://open.api.nexon.com/static/maplestory/item/icon/KEOAJDNB,""
몽환의 벨트,비숍,마법사,https://open.api.nexon.com/static/maplestory/item/icon/KEOBJEOJ,""
불멸의 유산,아델,전사,https://open.api.nexon.com/static/maplestory/item/icon/KEOGIDJA,""
블랙빈 마크,키네시스,마법사,https://open.api.nexon.com/static/maplestory/item/icon/KEPAJFND,""
월장석 선추,렌,전사,https://open.api.nexon.com/static/maplestory/item/icon/KEMHIPOC,""
지옥의 불꽃,키네시스,마법사,https://open.api.nexon.com/static/maplestory/item/icon/KEPBJGNH,""
창세의 뱃지,비숍,마법사,https://open.api.nexon.com/static/maplestory/item/icon/KEOKJFGE,""
에테르넬 시프글러브,듀얼블레이더,도적,https://open.api.nexon.com/static/maplestory/item/icon/KEPKJAIC,""
에테르넬 시프반다나,듀얼블레이더,도적,https://open.api.nexon.com/static/maplestory/item/icon/KEPCOOGC,""
에테르넬 시프케이프,듀얼블레이더,도적,https://open.api.nexon.com/static/maplestory/item/icon/KEOCIDNH,""
이글아이 던위치로브,비숍,마법사,https://open.api.nexon.com/static/maplestory/item/icon/KEPGJFLE,""
이글아이 어새신셔츠,듀얼블레이더,도적,https://open.api.nexon.com/static/maplestory/item/icon/KEPGJFLG,""
이글아이 워리어아머,아델,전사,https://open.api.nexon.com/static/maplestory/item/icon/KEPGJFLF,""
웨폰퍼프 - I링,비숍,마법사,https://open.api.nexon.com/static/maplestory/item/icon/KEODIGPE,""
웨폰퍼프 - L링,듀얼블레이더,도적,https://open.api.nexon.com/static/maplestory/item/icon/KEODIGPH,""
무스펠 로그슈즈,듀얼블레이더,도적,https://open.api.nexon.com/static/maplestory/item/icon/KEPFJOIE,""
황금빛 여우구슬,나이트로드,도적,https://open.api.nexon.com/static/maplestory/item/icon/KEMHIGOC,""
무스펠 로그글러브,듀얼블레이더,도적,https://open.api.nexon.com/static/maplestory/item/icon/KEPKJBOH,""
엘리트 크로스헌터,와일드헌터,궁수,https://open.api.nexon.com/static/maplestory/item/icon/KEOGIEIA,""
자쿰의 포이즈닉 너클,듀얼블레이더,도적,https://open.api.nexon.com/static/maplestory/item/icon/KELKJGHI,""
봉인된 제네시스 크로스보우,와일드헌터,궁수,https://open.api.nexon.com/static/maplestory/item/icon/KELEJFLA,""
메이플 트레져 파사부,나이트로드,도적,https://open.api.nexon.com/static/maplestory/item/icon/KEMHJFHJ,""
메이플 트레져 와일드비크,와일드헌터,궁수,https://open.api.nexon.com/static/maplestory/item/icon/KEMHJOII,""
메이플 캅스 출동,아델,전사,https://open.api.nexon.com/static/maplestory/item/icon/KEOGIEHG,""
아울스 퍼플 펜던트,비숍,마법사,https://open.api.nexon.com/static/maplestory/item/icon/KEOAJHHE,""
악몽의 주인 격파자,와일드헌터,궁수,https://open.api.nexon.com/static/maplestory/item/icon/KEOGIHMI,""
울프스 그린 펜던트,비숍,마법사,https://open.api.nexon.com/static/maplestory/item/icon/KEOAJHHH,""
울프스 레드 펜던트,나이트로드,도적,https://open.api.nexon.com/static/maplestory/item/icon/KEOAJHHG,""
가넷 하트,와일드헌터,궁수,https://open.api.nexon.com/static/maplestory/item/icon/KEJFJHOF,""
블랙 하트,듀얼블레이더,도적,https://open.api.nexon.com/static/maplestory/item/icon/KEJFJHJH,""
갈색 아로아 슈즈,와일드헌터,궁수,https://open.api.nexon.com/static/maplestory/item/icon/KEPFJHKJ,""
노바 케이론 벨트,와일드헌터,궁수,https://open.api.nexon.com/static/maplestory/item/icon/KEOBJGJA,""
퍼플 카스트 린넨,듀얼블레이더,도적,https://open.api.nexon.com/static/maplestory/item/icon/KEPCJBNF,""
프리미엄 PC방,키네시스,마법사,https://open.api.nexon.com/static/maplestory/item/icon/KEOGJGKE,""
웨폰퍼프 - D링,와일드헌터,궁수,https://open.api.nexon.com/static/maplestory/item/icon/KEODIGPF,""
컴플리트 언더컨트롤,아델,전사,https://open.api.nexon.com/static/maplestory/item/icon/KEJFJHHE,""
트릭스터 던위치팬츠,비숍,마법사,https://open.api.nexon.com/static/maplestory/item/icon/KEPEJGIH,""
트릭스터 어새신팬츠,듀얼블레이더,도적,https://open.api.nexon.com/static/maplestory/item/icon/KEPEJGIJ,""
트릭스터 워리어팬츠,아델,전사,https://open.api.nexon.com/static/maplestory/item/icon/KEPEJGIE,""
데이모스 세이지 실드,비숍,마법사,https://open.api.nexon.com/static/maplestory/item/icon/KEPLJHGI,""
크리스탈 웬투스 뱃지,렌,전사,https://open.api.nexon.com/static/maplestory/item/icon/KEOKJEOF,""
타일런트 리카온 벨트,듀얼블레이더,도적,https://open.api.nexon.com/static/maplestory/item/icon/KEOBJGJG,""
플라워 타투,아델,전사,https://open.api.nexon.com/static/maplestory/item/icon/KEPDJEKH,""
샤이니 블루 아처 심볼,와일드헌터,궁수,https://open.api.nexon.com/static/maplestory/item/icon/KEPDJFME,""
피콕스 레드 펜던트,듀얼블레이더,도적,https://open.api.nexon.com/static/maplestory/item/icon/KEOAJGOA,""
피콕스 퍼플 펜던트,듀얼블레이더,도적,https://open.api.nexon.com/static/maplestory/item/icon/KEOAJGOC,""
이볼빙 자색 여의보주,렌,전사,https://open.api.nexon.com/static/maplestory/item/icon/KEMHPHKH,""
이볼빙 노블 브레이슬릿,아델,전사,https://open.api.nexon.com/static/maplestory/item/icon/KEMHPHOH,""
샤이니 레드 매지션 마이스터 심볼,비숍,마법사,https://open.api.nexon.com/static/maplestory/item/icon/KEPDJDOG,""
샤이니 레드 워리어 마이스터 심볼,렌,전사,https://open.api.nexon.com/static/maplestory/item/icon/KEPDJDOH,""
태양과 맞서 싸운 자,렌,전사,https://open.api.nexon.com/static/maplestory/item/icon/KEOGIEIH,""
혼돈의 눈을 감긴 자,키네시스,마법사,https://open.api.nexon.com/static/maplestory/item/icon/KEOGIFGF,""
선더 볼트,렌,전사,https://open.api.nexon.com/static/maplestory/item/icon/KEOGIDJJ,""
데스티니 가즈,나이트로드,도적,https://open.api.nexon.com/static/maplestory/item/icon/KELFJFGJ,""
매커네이터 펜던트,키네시스,마법사,https://open.api.nexon.com/static/maplestory/item/icon/KEOAJFLF,""
메소레인저 화이트,키네시스,마법사,https://open.api.nexon.com/static/maplestory/item/icon/KEOGIHNB,""
블레이징썬 펜던트,듀얼블레이더,도적,https://open.api.nexon.com/static/maplestory/item/icon/KEOAJGKI,""
슈피겔만의 콧수염,키네시스,마법사,https://open.api.nexon.com/static/maplestory/item/icon/KEPDJFJB,""
슈피겔만의 브론즈 뱃지,키네시스,마법사,https://open.api.nexon.com/static/maplestory/item/icon/KEOKJHOA,""
테네브리스 원정대 반지,렌,전사,https://open.api.nexon.com/static/maplestory/item/icon/KEODPEOG,""
슈피겔만의 실버 뱃지,키네시스,마법사,https://open.api.nexon.com/static/maplestory/item/icon/KEOKJHOC,""
미카엘라의 새 안경,렌,전사,https://open.api.nexon.com/static/maplestory/item/icon/KEPAJFKH,""
어웨이크 링,렌,전사,https://open.api.nexon.com/static/maplestory/item/icon/KEODPEPJ,""
코스모스 링,비숍,마법사,https://open.api.nexon.com/static/maplestory/item/icon/KEODPEOC,""
앱솔랩스 튜너,아델,전사,https://open.api.nexon.com/static/maplestory/item/icon/KENDIHPG,""
도전자의 슬래셔,듀얼블레이더,도적,https://open.api.nexon.com/static/maplestory/item/icon/KEMBJEOD,""
이클레틱 타라곤,아델,전사,https://open.api.nexon.com/static/maplestory/item/icon/KEPHJAGI,""
아케인셰이드 나이트숄더,렌,전사,https://open.api.nexon.com/static/maplestory/item/icon/KEOHJGHH,""
아케인셰이드 나이트슈즈,렌,전사,https://open.api.nexon.com/static/maplestory/item/icon/KEPFIGLJ,""
아케인셰이드 나이트슈트,아델,전사,https://open.api.nexon.com/static/maplestory/item/icon/KEPHIHIC,""
아케인셰이드 시프햇,나이트로드,도적,https://open.api.nexon.com/static/maplestory/item/icon/KEPCPPPA,""
아케인셰이드 메이지숄더,비숍,마법사,https://open.api.nexon.com/static/maplestory/item/icon/KEOHJGHG,""
아케인셰이드 메이지슈즈,비숍,마법사,https://open.api.nexon.com/static/maplestory/item/icon/KEPFIGLI,""
아케인셰이드 시프글러브,듀얼블레이더,도적,https://open.api.nexon.com/static/maplestory/item/icon/KEPKJBHJ,""
아케인셰이드 시프케이프,듀얼블레이더,도적,https://open.api.nexon.com/static/maplestory/item/icon/KEOCJOKC,""
아케인셰이드 아처숄더,와일드헌터,궁수,https://open.api.nexon.com/static/maplestory/item/icon/KEOHJGHJ,""
타락여제 구원자,키네시스,마법사,https://open.api.nexon.com/static/maplestory/item/icon/KEOGJOOH,""
혼테일의 목걸이,렌,전사,https://open.api.nexon.com/static/maplestory/item/icon/KEOAJHOB,""
구름처럼 바람처럼,아델,전사,https://open.api.nexon.com/static/maplestory/item/icon/KEOGJPJA,""
아케인셰이드 아처슈즈,와일드헌터,궁수,https://open.api.nexon.com/static/maplestory/item/icon/KEPFIGIB,""
에테르넬 메이지햇,비숍,마법사,https://open.api.nexon.com/static/maplestory/item/icon/KEPCOOGA,""
아케인셰이드 아처글러브,와일드헌터,궁수,https://open.api.nexon.com/static/maplestory/item/icon/KEPKJBHG,""
아케인셰이드 아처케이프,와일드헌터,궁수,https://open.api.nexon.com/static/maplestory/item/icon/KEOCJOKD,""
트와일라이트 마크,키네시스,마법사,https://open.api.nexon.com/static/maplestory/item/icon/KEPDJALG,""
데이브레이크 펜던트,듀얼블레이더,도적,https://open.api.nexon.com/static/maplestory/item/icon/KEOAJDKC,""
아케인셰이드 스태프,비숍,마법사,https://open.api.nexon.com/static/maplestory/item/icon/KEMKJFIE,""
아케인셰이드 나이트햇,아델,전사,https://open.api.nexon.com/static/maplestory/item/icon/KEPCPPOJ,""
아케인셰이드 블레이드,듀얼블레이더,도적,https://open.api.nexon.com/static/maplestory/item/icon/KEMGJGOF,""
아케인셰이드 시프숄더,듀얼블레이더,도적,https://open.api.nexon.com/static/maplestory/item/icon/KEOHJGHI,""
아케인셰이드 시프슈즈,듀얼블레이더,도적,https://open.api.nexon.com/static/maplestory/item/icon/KEPFIGIA,""
옥타코어 컨트롤러,듀얼블레이더,도적,https://open.api.nexon.com/static/maplestory/item/icon/KEMHIHOF,""
타임리스 프렐류드,비숍,마법사,https://open.api.nexon.com/static/maplestory/item/icon/KEPLJHLG,""
도전자의 에너지소드,듀얼블레이더,도적,https://open.api.nexon.com/static/maplestory/item/icon/KENGJGLI,""
파프니르 래피드엣지,듀얼블레이더,도적,https://open.api.nexon.com/static/maplestory/item/icon/KEMGJHGD,""
펜살리르 메이지로브,키네시스,마법사,https://open.api.nexon.com/static/maplestory/item/icon/KEPHJPOB,""
펜살리르 메이지부츠,키네시스,마법사,https://open.api.nexon.com/static/maplestory/item/icon/KEPFJOIJ,""
펜살리르 메이지샐릿,키네시스,마법사,https://open.api.nexon.com/static/maplestory/item/icon/KEPCPFNB,""
펜살리르 배틀글러브,아델,전사,https://open.api.nexon.com/static/maplestory/item/icon/KEPKJBOJ,""
앱솔랩스 스펠링스태프,비숍,마법사,https://open.api.nexon.com/static/maplestory/item/icon/KEMKJFLI,""
펜살리르 메이지케이프,키네시스,마법사,https://open.api.nexon.com/static/maplestory/item/icon/KEOCJAPI,""
타일런트 리카온 클록,듀얼블레이더,도적,https://open.api.nexon.com/static/maplestory/item/icon/KEOCJDGF,""
체스피스 블랙 퀸,키네시스,마법사,https://open.api.nexon.com/static/maplestory/item/icon/KEMHIFOF,""
헬리시움 정예 법사 벨트,키네시스,마법사,https://open.api.nexon.com/static/maplestory/item/icon/KEOBJGIE,""
체스피스 디 퀸,키네시스,마법사,https://open.api.nexon.com/static/maplestory/item/icon/KEMHIFOC,""
나비의 꿈,듀얼블레이더,도적,https://open.api.nexon.com/static/maplestory/item/icon/KEOGIHOB,""
부엉이 벨트,듀얼블레이더,도적,https://open.api.nexon.com/static/maplestory/item/icon/KEOBJHMA,""
세일러 벨트,키네시스,마법사,https://open.api.nexon.com/static/maplestory/item/icon/KEOBJFHD,""
싸구려 가면,키네시스,마법사,https://open.api.nexon.com/static/maplestory/item/icon/KEPDJCHB,""
페어리 마크,아델,전사,https://open.api.nexon.com/static/maplestory/item/icon/KEPAJFLF,""
폴로의 친구,아델,전사,https://open.api.nexon.com/static/maplestory/item/icon/KEOGJOPB,""
현자의 훈장,비숍,마법사,https://open.api.nexon.com/static/maplestory/item/icon/KEOGJHPB,""
화려한 가면,키네시스,마법사,https://open.api.nexon.com/static/maplestory/item/icon/KEPDJCHA,""
근원의 속삭임,아델,전사,https://open.api.nexon.com/static/maplestory/item/icon/KEODIEKA,""
미스틱 눈장식,키네시스,마법사,https://open.api.nexon.com/static/maplestory/item/icon/KEPAJGKJ,""
우르스 격파왕,아델,전사,https://open.api.nexon.com/static/maplestory/item/icon/KEOGJPJI,""
네크로 워리어슈즈,아델,전사,https://open.api.nexon.com/static/maplestory/item/icon/KEPFJOLD,""
공허를 극복한 자,키네시스,마법사,https://open.api.nexon.com/static/maplestory/item/icon/KEOGIGLB,""
하프링 탐사대 뱃지,아델,전사,https://open.api.nexon.com/static/maplestory/item/icon/KEOKJHLI,""
영원의 늪에서 일어난 빛,키네시스,마법사,https://open.api.nexon.com/static/maplestory/item/icon/KEOGIGNI,""
베어스 퍼플 펜던트,렌,전사,https://open.api.nexon.com/static/maplestory/item/icon/KEOAJHHA,""
아울스 레드 펜던트,비숍,마법사,https://open.api.nexon.com/static/maplestory/item/icon/KEOAJHHC,""
그린 소울링,렌,전사,https://open.api.nexon.com/static/maplestory/item/icon/KEMHJBOF,""
엔젤 엠블렘,렌,전사,https://open.api.nexon.com/static/maplestory/item/icon/KEOLLGOA,""
블랙 케이프,아델,전사,https://open.api.nexon.com/static/maplestory/item/icon/KEOCJAHI,""
샤먼 이어링,아델,전사,https://open.api.nexon.com/static/maplestory/item/icon/KEPBJGGC,""
하프 이어링,렌,전사,https://open.api.nexon.com/static/maplestory/item/icon/KEPBJHMD,""
블랙 여의보주,렌,전사,https://open.api.nexon.com/static/maplestory/item/icon/KEMHPHKF,""
블랙 스켈듀크,듀얼블레이더,도적,https://open.api.nexon.com/static/maplestory/item/icon/KEPKJFPC,""
자색 여의보주,렌,전사,https://open.api.nexon.com/static/maplestory/item/icon/KEMHPHKC,""
노블 브레이슬릿,아델,전사,https://open.api.nexon.com/static/maplestory/item/icon/KEMHPHOC,""
골드 메이플리프 엠블렘,듀얼블레이더,도적,https://open.api.nexon.com/static/maplestory/item/icon/KEOLLEOA,""
노바 헤르메스 클록,키네시스,마법사,https://open.api.nexon.com/static/maplestory/item/icon/KEOCJDJG,""
골드 레지스탕스 엠블렘,와일드헌터,궁수,https://open.api.nexon.com/static/maplestory/item/icon/KEOLLBOA,""
골드 시그너스 엠블렘,렌,전사,https://open.api.nexon.com/static/maplestory/item/icon/KEOLLPOA,""
블랙 와일드 팡,와일드헌터,궁수,https://open.api.nexon.com/static/maplestory/item/icon/KEMHJOIJ,""
울프스 퍼플 펜던트,듀얼블레이더,도적,https://open.api.nexon.com/static/maplestory/item/icon/KEOAJHHI,""
로얄 블랙메탈 숄더,아델,전사,https://open.api.nexon.com/static/maplestory/item/icon/KEOHJGJB,""
응축된 힘의 결정석,키네시스,마법사,https://open.api.nexon.com/static/maplestory/item/icon/KEPDJDJJ,""
커맨더 포스 이어링,비숍,마법사,https://open.api.nexon.com/static/maplestory/item/icon/KEPBJEPH,""
피콕스 그린 펜던트,비숍,마법사,https://open.api.nexon.com/static/maplestory/item/icon/KEOAJGOB,""
골드 키네시스 엠블렘,키네시스,마법사,https://open.api.nexon.com/static/maplestory/item/icon/KEOLKHOA,""
CROWN,아델,전사,https://open.api.nexon.com/static/maplestory/item/icon/KEOGIDHB,""
아케인셰이드 ESP리미터,키네시스,마법사,https://open.api.nexon.com/static/maplestory/item/icon/KENEJHNI,""
데스티니 ESP리미터,키네시스,마법사,https://open.api.nexon.com/static/maplestory/item/icon/KENEJHIE,""
도전자의 ESP리미터,키네시스,마법사,https://open.api.nexon.com/static/maplestory/item/icon/KENEJHIF,""
앱솔랩스 ESP리미터,키네시스,마법사,https://open.api.nexon.com/static/maplestory/item/icon/KENEJHKB,""
샤이니 레드 시프 마이스터 심볼,듀얼블레이더,도적,https://open.api.nexon.com/static/maplestory/item/icon/KEPDJDOI,""
캣츠 아이,키네시스,마법사,https://open.api.nexon.com/static/maplestory/item/icon/KEPBJHOJ,""
제네시스 ESP리미터,키네시스,마법사,https://open.api.nexon.com/static/maplestory/item/icon/KENEJHLA,""
HYPER BURNING MAX,키네시스,마법사,https://open.api.nexon.com/static/maplestory/item/icon/KEOGIDOG,""
마이티 링Ⅱ,키네시스,마법사,https://open.api.nexon.com/static/maplestory/item/icon/KEODJCGJ,""
KINETIC,키네시스,마법사,https://open.api.nexon.com/static/maplestory/item/icon/KEOGICOA,""
레드 워리어 마이스터 심볼,렌,전사,https://open.api.nexon.com/static/maplestory/item/icon/KEPDJDOA,""
루즈 컨트롤 머신 마크,비숍,마법사,https://open.api.nexon.com/static/maplestory/item/icon/KEPDJBND,""
뱃지 오브 준나,듀얼블레이더,도적,https://open.api.nexon.com/static/maplestory/item/icon/KEOKJGHI,""
별을 삼킨 고래,키네시스,마법사,https://open.api.nexon.com/static/maplestory/item/icon/KEOGIFPA,""
금빛 검수 엠블렘,렌,전사,https://open.api.nexon.com/static/maplestory/item/icon/KEOLLCIE,""
뱃지 오브 도나르,렌,전사,https://open.api.nexon.com/static/maplestory/item/icon/KEOKJGHH,""
레드 시프 마이스터 심볼,듀얼블레이더,도적,https://open.api.nexon.com/static/maplestory/item/icon/KEPDJDOF,""
로얄 반 레온 메이지부츠,키네시스,마법사,https://open.api.nexon.com/static/maplestory/item/icon/KEPFJOJC,""
레드 파이렛 마이스터 심볼,나이트로드,도적,https://open.api.nexon.com/static/maplestory/item/icon/KEPDJDOE,""
뱃지 오브 프루바,렌,전사,https://open.api.nexon.com/static/maplestory/item/icon/KEOKJGHG,""
로얄 반 레온 메이지핸드,키네시스,마법사,https://open.api.nexon.com/static/maplestory/item/icon/KEPKJBPF,""
레드 아처 마이스터 심볼,와일드헌터,궁수,https://open.api.nexon.com/static/maplestory/item/icon/KEPDJDOC,""
킹 : 모든 움직임의 지배자,키네시스,마법사,https://open.api.nexon.com/static/maplestory/item/icon/KEOGJPIG,""
웨폰퍼프 - S링,아델,전사,https://open.api.nexon.com/static/maplestory/item/icon/KEODIGPC,""
SS급 마스터 쥬얼링,비숍,마법사,https://open.api.nexon.com/static/maplestory/item/icon/KEODIFNA,""
THE BLACK,비숍,마법사,https://open.api.nexon.com/static/maplestory/item/icon/KEOGIDNF,""
THE RED,렌,전사,https://open.api.nexon.com/static/maplestory/item/icon/KEOGIDNC,""
빛나는 U&I 뱃지,비숍,마법사,https://open.api.nexon.com/static/maplestory/item/icon/KEOKJHII,""
호텔 메이플 VIP 멤버,키네시스,마법사,https://open.api.nexon.com/static/maplestory/item/icon/KEOGIFOJ,""
금빛 천지인 엠블렘,렌,전사,https://open.api.nexon.com/static/maplestory/item/icon/KEOLLCLB,""
데아 시두스 이어링,키네시스,마법사,https://open.api.nexon.com/static/maplestory/item/icon/KEPBJFKA,""
신의 컨트롤 보유자,듀얼블레이더,도적,https://open.api.nexon.com/static/maplestory/item/icon/KEOGJPGB,""
오션 글로우 이어링,아델,전사,https://open.api.nexon.com/static/maplestory/item/icon/KEPBJFND,""
블랙 샤이니 브레이슬릿,아델,전사,https://open.api.nexon.com/static/maplestory/item/icon/KEMHPHOF,""
레드 매지션 마이스터 심볼,비숍,마법사,https://open.api.nexon.com/static/maplestory/item/icon/KEPDJDOD,""
